Team,Date,Score,Turnovers,Blocks,Completion%,Huck%,Hold%,OLC%,Break%,DLC%,RZC%,Away Score,Home Score,Points/Total
AlleyCats,6/4/2021,DET 21 - 30 IND,14,12,0.92,0.76,0.86,0.73,0.34,0.61,0.93,21,30,0.588
Breeze,6/4/2021,DC 18 - 19 NY,9,7,0.97,1.0,0.74,0.67,0.2,0.57,0.81,18,19,0.486
Cannons,6/4/2021,TB 16 - 21 PHI,25,10,0.89,0.44,0.48,0.35,0.22,0.44,0.69,16,21,0.432
Empire,6/4/2021,DC 18 - 19 NY,10,5,0.95,0.71,0.75,0.65,0.21,0.67,0.92,18,19,0.514
Mechanix,6/4/2021,DET 21 - 30 IND,23,8,0.93,0.55,0.63,0.51,0.05,0.17,0.82,21,30,0.412
Phoenix,6/4/2021,TB 16 - 21 PHI,20,14,0.92,0.58,0.67,0.52,0.39,0.47,0.63,16,21,0.568
Radicals,6/4/2021,MIN 20 - 18 MAD,27,11,0.9,0.55,0.67,0.48,0.22,0.25,0.67,20,18,0.474
Wind Chill,6/4/2021,MIN 20 - 18 MAD,25,19,0.94,0.45,0.74,0.48,0.27,0.38,0.61,20,18,0.526
AlleyCats,6/5/2021,IND 12 - 20 CHI,20,5,0.93,0.38,0.45,0.4,0.14,0.29,0.64,12,20,0.375
Aviators,6/5/2021,SD 19 - 16 LA,19,7,0.92,0.67,0.67,0.47,0.11,0.4,0.75,19,16,0.457
Breeze,6/5/2021,TB 10 - 24 DC,17,19,0.94,0.5,1.0,0.71,0.46,0.48,0.89,10,24,0.706
Cannons,6/5/2021,TB 10 - 24 DC,32,6,0.84,0.3,0.38,0.26,0.0,0.0,0.36,10,24,0.294
Cascades,6/5/2021,SJ 21 - 24 SEA,17,5,0.94,0.47,0.7,0.62,0.32,0.5,0.89,21,24,0.533
Flyers,6/5/2021,RAL 18 - 19 ATL,18,6,0.95,0.5,0.65,0.5,0.24,0.5,0.78,18,19,0.514
Glory,6/5/2021,BOS 29 - 21 PIT,15,15,0.94,0.67,0.82,0.6,0.37,0.73,0.83,29,21,0.58
Growlers,6/5/2021,SD 19 - 16 LA,16,13,0.94,0.38,0.78,0.67,0.24,0.31,1.0,19,16,0.543
Hustle,6/5/2021,RAL 18 - 19 ATL,16,13,0.94,0.8,0.71,0.58,0.2,0.31,0.73,18,19,0.514
Mechanix,6/5/2021,MAD 34 - 10 DET,43,8,0.85,0.33,0.25,0.2,0.08,0.13,0.57,34,10,0.227
Radicals,6/5/2021,MAD 34 - 10 DET,18,19,0.93,0.62,0.83,0.56,0.67,0.67,0.89,34,10,0.773
Spiders,6/5/2021,SJ 21 - 24 SEA,19,6,0.93,0.6,0.64,0.5,0.22,0.63,0.71,21,24,0.533
Thunderbirds,6/5/2021,BOS 29 - 21 PIT,23,7,0.91,0.5,0.6,0.55,0.14,0.27,0.86,29,21,0.42
Union,6/5/2021,IND 12 - 20 CHI,11,9,0.96,0.5,0.71,0.53,0.45,0.71,0.9,12,20,0.625
Glory,6/11/2021,ATL 21 - 19 BOS,19,9,0.94,0.6,0.59,0.45,0.29,0.67,0.8,21,19,0.475
Hustle,6/11/2021,ATL 21 - 19 BOS,16,11,0.92,0.86,0.67,0.58,0.32,0.47,0.58,21,19,0.525
AlleyCats,6/12/2021,DET 16 - 28 IND,13,17,0.95,0.73,0.78,0.74,0.47,0.58,0.83,16,28,0.636
Breeze,6/12/2021,DC 25 - 24 RAL,11,7,0.96,0.79,0.73,0.7,0.23,0.6,0.87,25,24,0.51
Cannons,6/12/2021,PIT 15 - 18 TB,28,16,0.9,0.5,0.65,0.41,0.35,0.35,0.71,15,18,0.545
Cascades,6/12/2021,SEA 19 - 20 SJ,28,16,0.89,0.59,0.41,0.31,0.48,0.5,0.69,19,20,0.487
Flyers,6/12/2021,DC 25 - 24 RAL,12,6,0.95,0.4,0.73,0.66,0.19,0.71,0.95,25,24,0.49
Legion,6/12/2021,DAL 23 - 24 AUS,18,10,0.92,0.75,0.65,0.57,0.25,0.55,0.75,23,24,0.489
Mechanix,6/12/2021,DET 16 - 28 IND,25,5,0.91,0.53,0.47,0.36,0.11,0.5,0.69,16,28,0.364
Sol,6/12/2021,DAL 23 - 24 AUS,15,10,0.94,0.73,0.6,0.5,0.35,0.69,0.76,23,24,0.511
Spiders,6/12/2021,SEA 19 - 20 SJ,27,12,0.9,0.64,0.43,0.31,0.5,0.61,0.69,19,20,0.513
Thunderbirds,6/12/2021,PIT 15 - 18 TB,30,16,0.86,0.5,0.55,0.35,0.24,0.29,0.8,15,18,0.455
Union,6/12/2021,MIN 18 - 23 CHI,9,5,0.96,0.86,0.79,0.71,0.32,0.73,1.0,18,23,0.561
Wind Chill,6/12/2021,MIN 18 - 23 CHI,15,7,0.96,0.71,0.6,0.54,0.16,0.5,0.75,18,23,0.439
Aviators,6/13/2021,LA 20 - 18 SD,18,5,0.93,0.73,0.75,0.48,0.24,0.56,0.8,20,18,0.526
Growlers,6/13/2021,LA 20 - 18 SD,21,12,0.91,0.54,0.62,0.57,0.2,0.27,0.65,20,18,0.474
Aviators,6/18/2021,LA 12 - 20 DAL,30,7,0.87,0.44,0.48,0.3,0.13,0.22,0.64,12,20,0.375
Breeze,6/18/2021,BOS 20 - 32 DC,7,12,0.98,0.79,0.95,0.8,0.35,0.86,1.0,20,32,0.615
Empire,6/18/2021,NY 24 - 19 PIT,23,10,0.89,0.47,0.76,0.55,0.32,0.44,0.78,24,19,0.558
Glory,6/18/2021,BOS 20 - 32 DC,19,3,0.93,0.6,0.59,0.56,0.0,0.0,0.71,20,32,0.385
Growlers,6/18/2021,SD 23 - 16 SJ,19,9,0.93,0.57,0.88,0.65,0.32,0.38,0.77,23,16,0.59
Legion,6/18/2021,LA 12 - 20 DAL,21,16,0.93,0.6,0.71,0.5,0.48,0.45,0.71,12,20,0.625
Radicals,6/18/2021,MAD 19 - 25 MIN,22,8,0.92,0.67,0.58,0.45,0.19,0.44,0.6,19,25,0.432
Spiders,6/18/2021,SD 23 - 16 SJ,27,10,0.9,0.5,0.6,0.42,0.06,0.14,0.69,23,16,0.41
Thunderbirds,6/18/2021,NY 24 - 19 PIT,26,9,0.92,0.4,0.64,0.47,0.14,0.27,0.94,24,19,0.442
Wind Chill,6/18/2021,MAD 19 - 25 MIN,16,13,0.95,0.6,0.81,0.65,0.31,0.5,0.89,19,25,0.568
Aviators,6/19/2021,LA 20 - 22 AUS,28,6,0.89,0.86,0.64,0.48,0.19,0.25,0.38,20,22,0.476
Cannons,6/19/2021,ATL 24 - 13 TB,33,6,0.89,0.38,0.4,0.26,0.2,0.43,0.73,24,13,0.351
Flyers,6/19/2021,BOS 24 - 27 RAL,14,12,0.95,0.75,0.83,0.77,0.24,0.47,0.95,24,27,0.529
Glory,6/19/2021,BOS 24 - 27 RAL,18,8,0.93,0.55,0.72,0.57,0.13,0.6,0.82,24,27,0.471
Hustle,6/19/2021,ATL 24 - 13 TB,21,14,0.91,0.63,0.73,0.58,0.52,0.48,0.75,24,13,0.649
Mechanix,6/19/2021,CHI 30 - 13 DET,29,6,0.9,0.64,0.41,0.3,0.0,0.0,0.57,30,13,0.302
Phoenix,6/19/2021,PIT 18 - 27 PHI,20,15,0.93,0.78,0.9,0.72,0.32,0.39,0.74,18,27,0.6
Sol,6/19/2021,LA 20 - 22 AUS,25,18,0.93,0.33,0.76,0.48,0.25,0.43,0.6,20,22,0.524
Thunderbirds,6/19/2021,PIT 18 - 27 PHI,29,11,0.87,0.57,0.61,0.41,0.05,0.17,0.75,18,27,0.4
Union,6/19/2021,CHI 30 - 13 DET,11,18,0.96,0.5,0.93,0.88,0.5,0.59,0.9,30,13,0.698
AlleyCats,6/20/2021,IND 20 - 24 MAD,24,12,0.93,0.42,0.48,0.44,0.32,0.44,0.78,20,24,0.455
Cascades,6/20/2021,SD 18 - 16 SEA,30,12,0.89,0.6,0.6,0.34,0.22,0.36,0.69,18,16,0.471
Growlers,6/20/2021,SD 18 - 16 SEA,28,15,0.9,0.47,0.67,0.48,0.3,0.26,0.6,18,16,0.529
Radicals,6/20/2021,IND 20 - 24 MAD,20,12,0.93,0.55,0.59,0.42,0.44,0.79,0.82,20,24,0.545
Aviators,6/25/2021,DAL 21 - 16 LA,22,7,0.9,0.5,0.52,0.41,0.22,0.44,0.65,21,16,0.432
Cannons,6/25/2021,TB 17 - 24 BOS,27,13,0.88,0.42,0.52,0.37,0.21,0.44,0.69,17,24,0.415
Cascades,6/25/2021,AUS 24 - 28 SEA,18,11,0.93,0.63,0.73,0.56,0.3,0.69,0.84,24,28,0.538
Flyers,6/25/2021,PHI 11 - 23 RAL,18,13,0.92,0.46,0.75,0.64,0.56,0.52,0.77,11,23,0.676
Glory,6/25/2021,TB 17 - 24 BOS,19,18,0.93,0.42,0.79,0.63,0.36,0.45,0.83,17,24,0.585
Legion,6/25/2021,DAL 21 - 16 LA,18,7,0.94,0.71,0.72,0.57,0.35,0.5,0.76,21,16,0.568
Phoenix,6/25/2021,PHI 11 - 23 RAL,32,9,0.89,0.3,0.36,0.24,0.17,0.4,0.4,11,23,0.324
Sol,6/25/2021,AUS 24 - 28 SEA,22,9,0.93,0.55,0.6,0.56,0.23,0.43,0.88,24,28,0.538
AlleyCats,6/26/2021,CHI 28 - 20 IND,17,7,0.95,0.73,0.6,0.56,0.09,0.4,0.5,28,20,0.417
Cannons,6/26/2021,TB 18 - 24 NY,22,7,0.92,0.47,0.69,0.49,0.0,0.0,0.71,18,24,0.429
Empire,6/26/2021,TB 18 - 24 NY,15,7,0.94,0.57,0.8,0.73,0.31,0.42,0.89,18,24,0.571
Growlers,6/26/2021,DAL 20 - 21 SD,11,2,0.95,0.83,0.77,0.63,0.17,0.67,0.81,20,21,0.512
Hustle,6/26/2021,PHI 17 - 24 ATL,13,14,0.95,0.67,0.83,0.71,0.36,0.53,1.0,17,24,0.585
Legion,6/26/2021,DAL 20 - 21 SD,13,5,0.96,0.25,0.74,0.68,0.14,0.38,0.93,20,21,0.488
Mechanix,6/26/2021,DET 17 - 29 MIN,26,8,0.9,0.57,0.48,0.39,0.11,0.25,0.75,17,29,0.37
Phoenix,6/26/2021,PHI 17 - 24 ATL,21,4,0.93,0.47,0.6,0.47,0.11,0.33,0.9,17,24,0.415
Sol,6/26/2021,AUS 23 - 28 SJ,23,13,0.93,0.5,0.63,0.56,0.16,0.33,0.74,23,28,0.549
Spiders,6/26/2021,AUS 23 - 28 SJ,17,14,0.92,0.6,0.8,0.61,0.27,0.67,0.83,23,28,0.549
Union,6/26/2021,CHI 28 - 20 IND,7,8,0.97,0.8,0.73,0.67,0.37,0.85,1.0,28,20,0.583
Wind Chill,6/26/2021,DET 17 - 29 MIN,16,13,0.95,0.57,0.84,0.67,0.42,0.59,0.81,17,29,0.63
Mechanix,6/27/2021,DET 18 - 29 MAD,21,5,0.94,0.55,0.52,0.46,0.1,0.33,0.71,18,29,0.383
Radicals,6/27/2021,DET 18 - 29 MAD,11,8,0.96,0.75,0.85,0.71,0.39,0.71,0.9,18,29,0.617
Breeze,7/2/2021,NY 17 - 20 DC,16,13,0.95,0.5,0.79,0.63,0.23,0.38,0.74,17,20,0.541
Cascades,7/2/2021,SEA 16 - 23 AUS,27,8,0.87,0.42,0.44,0.35,0.28,0.42,0.57,16,23,0.41
Empire,7/2/2021,NY 17 - 20 DC,20,9,0.92,0.5,0.68,0.52,0.11,0.25,0.87,17,20,0.459
Radicals,7/2/2021,MAD 15 - 18 CHI,13,7,0.96,0.43,0.65,0.54,0.13,0.5,0.77,15,18,0.455
Sol,7/2/2021,SEA 16 - 23 AUS,19,16,0.93,0.58,0.56,0.43,0.48,0.63,0.84,16,23,0.59
Union,7/2/2021,MAD 15 - 18 CHI,7,7,0.98,0.8,0.75,0.67,0.3,0.6,1.0,15,18,0.545
AlleyCats,7/3/2021,MAD 26 - 22 IND,15,6,0.96,0.64,0.64,0.56,0.17,0.8,0.9,26,22,0.458
Cannons,7/3/2021,RAL 29 - 15 TB,28,8,0.9,0.38,0.48,0.38,0.0,0.0,0.67,29,15,0.341
Cascades,7/3/2021,SEA 16 - 24 DAL,22,11,0.89,0.38,0.54,0.45,0.11,0.25,0.71,16,24,0.4
Flyers,7/3/2021,RAL 29 - 15 TB,13,14,0.95,0.63,0.88,0.75,0.45,0.64,0.87,29,15,0.341
Legion,7/3/2021,SEA 16 - 24 DAL,14,12,0.95,0.75,0.83,0.63,0.35,0.6,0.68,16,24,0.6
Phoenix,7/3/2021,PHI 20 - 23 PIT,15,5,0.95,0.57,0.68,0.55,0.14,0.75,0.87,20,23,0.465
Radicals,7/3/2021,MAD 26 - 22 IND,10,8,0.96,0.54,0.74,0.71,0.32,0.69,0.9,26,22,0.542
Thunderbirds,7/3/2021,PHI 20 - 23 PIT,11,8,0.96,0.69,0.73,0.7,0.28,0.54,0.8,20,23,0.535
Empire,7/9/2021,PHI 20 - 27 NY,10,11,0.96,1.0,0.86,0.72,0.32,0.75,0.86,20,27,0.574
Legion,7/9/2021,AUS 17 - 16 DAL,29,9,0.87,0.57,0.58,0.39,0.28,0.29,0.71,17,16,0.485
Phoenix,7/9/2021,PHI 20 - 27 NY,17,4,0.94,0.6,0.64,0.58,0.1,0.33,0.8,20,27,0.426
Sol,7/9/2021,AUS 17 - 16 DAL,26,16,0.89,0.5,0.61,0.38,0.32,0.4,0.62,17,16,0.485
AlleyCats,7/10/2021,MIN 25 - 18 IND,14,2,0.94,0.6,0.65,0.57,0.05,0.5,0.86,25,18,0.419
Breeze,7/10/2021,DC 19 - 14 ATL,15,14,0.96,0.64,0.56,0.43,0.48,0.67,0.79,19,14,0.576
Cannons,7/10/2021,TB 19 - 31 RAL,27,9,0.9,0.6,0.52,0.43,0.1,0.33,0.82,19,31,0.38
Flyers,7/10/2021,TB 19 - 31 RAL,14,13,0.94,0.71,0.9,0.76,0.36,0.6,0.9,19,31,0.62
Glory,7/10/2021,PHI 23 - 22 BOS,19,11,0.93,0.5,0.64,0.57,0.25,0.46,0.7,23,22,0.489
Hustle,7/10/2021,DC 19 - 14 ATL,20,9,0.91,0.8,0.52,0.42,0.19,0.38,0.64,19,14,0.424
Legion,7/10/2021,AUS 20 - 21 DAL,25,13,0.88,0.69,0.68,0.54,0.25,0.3,0.73,20,21,0.512
Phoenix,7/10/2021,PHI 23 - 22 BOS,16,7,0.94,0.89,0.67,0.53,0.28,0.7,0.83,23,22,0.511
Radicals,7/10/2021,CHI 16 - 19 MAD,16,6,0.95,0.67,0.72,0.54,0.29,0.5,0.67,16,19,0.543
Sol,7/10/2021,AUS 20 - 21 DAL,27,9,0.9,0.58,0.63,0.42,0.23,0.45,0.52,20,21,0.512
Union,7/10/2021,CHI 16 - 19 MAD,18,10,0.94,0.67,0.62,0.5,0.17,0.33,0.64,16,19,0.457
Wind Chill,7/10/2021,MIN 25 - 18 IND,7,7,0.98,0.8,0.85,0.85,0.27,0.58,0.83,25,18,0.581
Union,7/11/2021,MIN 20 - 18 CHI,17,11,0.93,0.44,0.65,0.59,0.25,0.38,0.94,20,18,0.474
Wind Chill,7/11/2021,MIN 20 - 18 CHI,15,9,0.96,1.0,0.75,0.54,0.25,0.71,0.83,20,18,0.526
Cascades,7/16/2021,DAL 18 - 22 SEA,14,6,0.93,0.65,0.75,0.63,0.29,0.58,0.89,18,22,0.55
Hustle,7/16/2021,ATL 20 - 15 PHI,16,12,0.93,0.5,0.82,0.58,0.27,0.43,0.63,20,15,0.571
Legion,7/16/2021,DAL 18 - 22 SEA,17,10,0.95,0.29,0.63,0.52,0.15,0.43,0.88,18,22,0.45
Phoenix,7/16/2021,ATL 20 - 15 PHI,22,7,0.92,0.57,0.67,0.48,0.06,0.11,0.86,20,15,0.429
AlleyCats,7/17/2021,IND 16 - 17 MAD,18,11,0.93,0.62,0.53,0.42,0.28,0.56,0.67,16,17,0.485
Aviators,7/17/2021,AUS 21 - 20 LA,26,13,0.88,0.6,0.61,0.5,0.27,0.33,0.6,21,20,0.488
Breeze,7/17/2021,ATL 17 - 13 DC,20,10,0.95,0.29,0.37,0.27,0.33,0.71,0.7,17,13,0.433
Flyers,7/17/2021,RAL 27 - 16 PIT,16,14,0.93,0.58,0.94,0.71,0.37,0.53,0.9,27,16,0.372
Hustle,7/17/2021,ATL 17 - 13 DC,15,11,0.92,0.88,0.6,0.53,0.42,0.47,1.0,17,13,0.567
Legion,7/17/2021,DAL 23 - 20 SJ,12,9,0.97,0.55,0.81,0.71,0.24,0.5,0.86,23,20,0.535
Mechanix,7/17/2021,DET 12 - 25 MIN,30,6,0.91,0.42,0.37,0.26,0.15,0.29,0.54,12,25,0.324
Radicals,7/17/2021,IND 16 - 17 MAD,17,10,0.95,0.0,0.5,0.41,0.42,0.57,0.81,16,17,0.515
Sol,7/17/2021,AUS 21 - 20 LA,25,8,0.92,0.6,0.59,0.39,0.35,0.57,0.67,21,20,0.488
Spiders,7/17/2021,DAL 23 - 20 SJ,15,3,0.91,0.75,0.71,0.59,0.14,0.5,0.82,23,20,0.465
Thunderbirds,7/17/2021,RAL 27 - 16 PIT,27,7,0.91,0.67,0.54,0.41,0.06,0.17,0.71,27,16,0.372
Wind Chill,7/17/2021,DET 12 - 25 MIN,18,19,0.92,0.77,0.85,0.61,0.52,0.56,0.75,12,25,0.676
AlleyCats,7/18/2021,IND 18 - 24 CHI,17,4,0.95,0.38,0.58,0.52,0.15,0.43,0.93,18,24,0.429
Growlers,7/18/2021,AUS 20 - 21 SD,25,10,0.86,1.0,0.67,0.42,0.3,0.5,0.74,20,21,0.512
Sol,7/18/2021,AUS 20 - 21 SD,27,17,0.91,0.47,0.61,0.48,0.29,0.33,0.74,20,21,0.512
Union,7/18/2021,IND 18 - 24 CHI,9,8,0.97,0.63,0.75,0.68,0.35,0.75,0.86,18,24,0.571
Aviators,7/23/2021,LA 21 - 16 SEA,15,13,0.94,0.64,0.82,0.61,0.3,0.47,0.88,21,16,0.568
Cascades,7/23/2021,LA 21 - 16 SEA,22,9,0.92,0.36,0.61,0.47,0.12,0.25,0.81,21,16,0.432
Growlers,7/23/2021,SD 15 - 19 DAL,19,3,0.89,0.31,0.57,0.43,0.18,0.43,0.86,15,19,0.441
Legion,7/23/2021,SD 15 - 19 DAL,16,11,0.95,0.42,0.76,0.65,0.29,0.4,0.88,15,19,0.559
AlleyCats,7/24/2021,IND 18 - 13 DET,29,16,0.86,1.0,0.8,0.44,0.3,0.27,0.8,18,13,0.581
Aviators,7/24/2021,LA 20 - 18 SJ,18,10,0.93,0.67,0.7,0.58,0.27,0.4,0.78,20,18,0.526
Cannons,7/24/2021,BOS 26 - 23 TB,20,9,0.91,0.64,0.71,0.59,0.12,0.33,0.92,26,23,0.469
Empire,7/24/2021,NY 21 - 22 ATL,17,10,0.95,0.55,0.71,0.57,0.18,0.5,0.84,21,22,0.488
Glory,7/24/2021,BOS 26 - 23 TB,17,11,0.93,0.46,0.8,0.65,0.21,0.46,0.8,26,23,0.531
Growlers,7/24/2021,SD 21 - 17 AUS,19,15,0.92,0.88,0.63,0.48,0.39,0.56,0.8,21,17,0.553
Hustle,7/24/2021,NY 21 - 22 ATL,14,9,0.93,0.69,0.73,0.64,0.25,0.5,0.64,21,22,0.512
Mechanix,7/24/2021,IND 18 - 13 DET,34,16,0.87,0.5,0.55,0.32,0.13,0.13,0.62,18,13,0.419
Outlaws,7/24/2021,TOR 24 - 27 OTT,15,7,0.94,1.0,0.88,0.69,0.18,0.5,0.8,24,27,0.529
Rush,7/24/2021,TOR 24 - 27 OTT,19,7,0.92,0.62,0.75,0.64,0.12,0.3,0.84,24,27,0.471
Sol,7/24/2021,SD 21 - 17 AUS,24,10,0.93,0.5,0.52,0.41,0.26,0.42,0.61,21,17,0.447
Spiders,7/24/2021,LA 20 - 18 SJ,24,14,0.88,0.72,0.59,0.41,0.25,0.45,0.75,20,18,0.474
Union,7/24/2021,CHI 20 - 16 MIN,20,8,0.91,0.58,0.82,0.64,0.27,0.33,0.85,20,16,0.556
Wind Chill,7/24/2021,CHI 20 - 16 MIN,23,13,0.92,0.77,0.68,0.45,0.06,0.17,0.64,20,16,0.444
Outlaws,7/25/2021,OTT 26 - 19 MTL,19,15,0.93,0.85,1.0,0.68,0.19,0.33,0.88,26,19,0.578
Royal,7/25/2021,OTT 26 - 19 MTL,25,8,0.9,0.6,0.73,0.56,0.0,0.0,0.64,26,19,0.422
Flyers,7/30/2021,PIT 17 - 20 RAL,14,8,0.94,0.86,0.84,0.67,0.18,0.36,0.77,17,20,0.541
Radicals,7/30/2021,CHI 23 - 18 MAD,16,8,0.95,0.0,0.64,0.53,0.1,0.5,0.81,23,18,0.439
Thunderbirds,7/30/2021,PIT 17 - 20 RAL,17,7,0.94,0.5,0.73,0.55,0.05,0.17,0.77,17,20,0.459
Union,7/30/2021,CHI 23 - 18 MAD,10,7,0.96,0.86,0.85,0.77,0.24,0.55,0.89,23,18,0.561
AlleyCats,7/31/2021,IND 16 - 17 MIN,27,14,0.9,0.54,0.68,0.43,0.17,0.23,0.5,16,17,0.485
Breeze,7/31/2021,PHI 12 - 22 DC,10,13,0.97,0.56,1.0,0.78,0.35,0.53,0.75,12,22,0.647
Cannons,7/31/2021,NY 25 - 18 TB,19,4,0.93,0.64,0.56,0.48,0.16,0.43,0.88,25,18,0.419
Cascades,7/31/2021,SEA 20 - 21 SD,19,11,0.94,0.5,0.77,0.57,0.14,0.33,0.88,20,21,0.488
Empire,7/31/2021,NY 25 - 18 TB,12,11,0.96,0.8,0.79,0.65,0.37,0.67,0.84,25,18,0.581
Growlers,7/31/2021,SEA 20 - 21 SD,18,9,0.93,0.8,0.77,0.61,0.18,0.33,0.93,20,21,0.512
Hustle,7/31/2021,PIT 22 - 27 ATL,6,7,0.97,0.88,0.87,0.8,0.24,0.78,1.0,22,27,0.551
Mechanix,7/31/2021,MAD 23 - 15 DET,24,6,0.91,0.55,0.46,0.35,0.24,0.44,0.75,23,15,0.395
Phoenix,7/31/2021,PHI 12 - 22 DC,21,4,0.92,0.58,0.52,0.41,0.0,0.0,0.75,12,22,0.353
Radicals,7/31/2021,MAD 23 - 15 DET,17,14,0.93,0.77,0.71,0.55,0.46,0.58,0.75,23,15,0.605
Sol,7/31/2021,SJ 15 - 25 AUS,16,19,0.95,0.38,0.76,0.65,0.44,0.55,0.84,15,25,0.625
Spiders,7/31/2021,SJ 15 - 25 AUS,25,12,0.88,0.38,0.48,0.37,0.12,0.4,0.75,15,25,0.625
Thunderbirds,7/31/2021,PIT 22 - 27 ATL,13,5,0.96,0.64,0.69,0.65,0.09,0.5,0.88,22,27,0.449
Wind Chill,7/31/2021,IND 16 - 17 MIN,25,8,0.92,0.27,0.72,0.48,0.21,0.27,0.79,16,17,0.515
Aviators,8/1/2021,SEA 15 - 20 LA,26,17,0.9,0.64,0.59,0.37,0.5,0.48,0.84,15,20,0.571
Cascades,8/1/2021,SEA 15 - 20 LA,31,9,0.89,0.36,0.5,0.32,0.29,0.33,0.63,15,20,0.429
Legion,8/1/2021,SJ 14 - 15 DAL,22,12,0.92,0.5,0.44,0.3,0.47,0.53,0.67,14,15,0.517
Spiders,8/1/2021,SJ 14 - 15 DAL,23,13,0.89,0.6,0.53,0.38,0.31,0.38,0.64,14,15,0.517
Breeze,8/6/2021,DC 20 - 13 PHI,20,10,0.95,0.27,0.8,0.5,0.4,0.5,0.83,20,13,0.606
Flyers,8/6/2021,RAL 19 - 18 BOS,13,5,0.95,0.5,0.7,0.64,0.24,0.45,0.84,19,18,0.486
Glory,8/6/2021,RAL 19 - 18 BOS,14,6,0.95,0.25,0.67,0.54,0.2,0.67,0.94,19,18,0.486
Phoenix,8/6/2021,DC 20 - 13 PHI,26,11,0.86,0.42,0.56,0.36,0.2,0.25,0.89,20,13,0.394
Aviators,8/7/2021,LA 17 - 24 SD,23,7,0.93,0.62,0.65,0.52,0.0,0.0,0.5,17,24,0.415
Cannons,8/7/2021,TB 21 - 20 ATL,14,9,0.95,0.83,0.86,0.72,0.13,0.27,0.87,21,20,0.512
Cascades,8/7/2021,SJ 23 - 15 SEA,28,10,0.89,0.33,0.48,0.38,0.19,0.27,0.6,23,15,0.395
Empire,8/7/2021,RAL 23 - 24 NY,19,10,0.94,0.5,0.69,0.58,0.23,0.46,0.75,23,24,0.511
Flyers,8/7/2021,RAL 23 - 24 NY,19,8,0.94,0.58,0.73,0.58,0.15,0.44,0.67,23,24,0.511
Growlers,8/7/2021,LA 17 - 24 SD,16,16,0.93,1.0,0.89,0.65,0.27,0.5,0.86,17,24,0.585
Hustle,8/7/2021,TB 21 - 20 ATL,15,7,0.93,0.67,0.83,0.61,0.05,0.17,0.6,21,20,0.488
Legion,8/7/2021,DAL 23 - 22 AUS,19,10,0.92,0.59,0.7,0.53,0.28,0.54,0.79,23,22,0.511
Mechanix,8/7/2021,DET 16 - 20 CHI,25,11,0.91,0.6,0.59,0.38,0.17,0.33,0.75,16,20,0.444
Royal,8/7/2021,TOR 16 - 18 MTL,18,13,0.94,0.55,0.72,0.54,0.25,0.36,0.93,16,18,0.529
Rush,8/7/2021,TOR 16 - 18 MTL,21,11,0.9,0.5,0.65,0.46,0.17,0.3,0.79,16,18,0.471
Sol,8/7/2021,DAL 23 - 22 AUS,21,12,0.91,0.54,0.68,0.55,0.22,0.42,0.95,23,22,0.489
Spiders,8/7/2021,SJ 23 - 15 SEA,19,11,0.92,0.44,0.81,0.57,0.4,0.53,0.93,23,15,0.395
Union,8/7/2021,DET 16 - 20 CHI,23,13,0.91,0.58,0.82,0.58,0.27,0.32,0.6,16,20,0.556
Breeze,8/8/2021,DC 25 - 16 PIT,18,16,0.93,0.62,0.65,0.52,0.54,0.58,0.79,25,16,0.61
Outlaws,8/8/2021,MTL 22 - 18 OTT,26,9,0.87,1.0,0.63,0.41,0.15,0.3,0.79,22,18,0.45
Royal,8/8/2021,MTL 22 - 18 OTT,23,15,0.92,0.64,0.75,0.58,0.29,0.35,0.86,22,18,0.55
Thunderbirds,8/8/2021,DC 25 - 16 PIT,28,11,0.89,0.7,0.42,0.31,0.29,0.56,0.91,25,16,0.39
Outlaws,8/12/2021,OTT 16 - 18 MTL,21,10,0.89,0.8,0.58,0.46,0.28,0.36,0.79,16,18,0.471
Royal,8/12/2021,OTT 16 - 18 MTL,20,15,0.92,0.54,0.61,0.42,0.37,0.54,0.68,16,18,0.529
Cascades,8/13/2021,SEA 16 - 20 SJ,25,15,0.91,0.54,0.59,0.39,0.17,0.33,0.9,16,20,0.444
Empire,8/13/2021,NY 20 - 19 PHI,16,8,0.95,0.67,0.71,0.6,0.24,0.42,0.73,20,19,0.513
Glory,8/13/2021,PIT 20 - 26 BOS,16,14,0.92,0.75,0.73,0.55,0.36,0.77,0.82,20,26,0.565
Phoenix,8/13/2021,NY 20 - 19 PHI,17,8,0.92,0.5,0.75,0.56,0.19,0.44,0.92,20,19,0.487
Spiders,8/13/2021,SEA 16 - 20 SJ,22,15,0.91,0.47,0.72,0.54,0.32,0.39,0.83,16,20,0.556
Thunderbirds,8/13/2021,PIT 20 - 26 BOS,22,9,0.93,0.31,0.57,0.52,0.18,0.33,0.78,20,26,0.435
Aviators,8/14/2021,SD 21 - 17 LA,25,4,0.9,0.44,0.61,0.45,0.16,0.25,0.86,21,17,0.447
Empire,8/14/2021,PIT 16 - 20 NY,15,11,0.93,0.9,0.81,0.65,0.32,0.44,0.65,16,20,0.556
Flyers,8/14/2021,ATL 18 - 20 RAL,18,10,0.94,0.5,0.68,0.59,0.32,0.41,0.83,18,20,0.526
Growlers,8/14/2021,SD 21 - 17 LA,21,18,0.93,0.56,0.79,0.54,0.26,0.4,0.69,21,17,0.553
Hustle,8/14/2021,ATL 18 - 20 RAL,20,9,0.9,0.75,0.55,0.4,0.32,0.67,0.85,18,20,0.474
Mechanix,8/14/2021,MIN 24 - 15 DET,19,7,0.93,0.5,0.52,0.42,0.12,0.4,0.58,24,15,0.385
Royal,8/14/2021,MTL 20 - 19 TOR,18,8,0.93,0.63,0.71,0.56,0.19,0.33,0.91,20,19,0.513
Rush,8/14/2021,MTL 20 - 19 TOR,20,9,0.9,0.9,0.67,0.5,0.24,0.45,0.75,20,19,0.487
Thunderbirds,8/14/2021,PIT 16 - 20 NY,20,10,0.93,0.33,0.59,0.45,0.19,0.43,0.71,16,20,0.444
Wind Chill,8/14/2021,MIN 24 - 15 DET,12,7,0.95,0.58,0.88,0.75,0.36,0.56,0.88,24,15,0.615
AlleyCats,8/15/2021,MIN 23 - 19 IND,21,11,0.91,0.67,0.6,0.45,0.2,0.57,0.63,23,19,0.452
Outlaws,8/15/2021,OTT 21 - 23 TOR,21,10,0.9,0.68,0.64,0.52,0.23,0.45,1.0,21,23,0.477
Rush,8/15/2021,OTT 21 - 23 TOR,19,10,0.91,0.89,0.68,0.54,0.32,0.53,0.82,21,23,0.523
Wind Chill,8/15/2021,MIN 23 - 19 IND,16,12,0.95,0.5,0.75,0.65,0.32,0.47,1.0,23,19,0.548
Empire,8/20/2021,BOS 21 - 25 NY,8,10,0.97,0.77,0.78,0.69,0.26,0.88,0.84,21,25,0.543
Glory,8/20/2021,BOS 21 - 25 NY,12,6,0.94,0.67,0.7,0.68,0.09,0.4,0.87,21,25,0.457
Growlers,8/20/2021,SJ 21 - 24 SD,14,7,0.95,1.0,0.64,0.52,0.4,0.91,0.89,21,24,0.533
Spiders,8/20/2021,SJ 21 - 24 SD,16,8,0.94,0.88,0.6,0.58,0.27,0.55,0.74,21,24,0.533
Aviators,8/21/2021,SJ 20 - 21 LA,22,13,0.92,0.42,0.64,0.47,0.3,0.54,0.65,20,21,0.512
Breeze,8/21/2021,RAL 21 - 22 DC,16,9,0.95,0.62,0.71,0.63,0.23,0.45,0.84,21,22,0.512
Flyers,8/21/2021,RAL 21 - 22 DC,15,7,0.96,0.5,0.61,0.52,0.29,0.7,0.89,21,22,0.512
Glory,8/21/2021,BOS 22 - 19 PHI,16,8,0.94,0.67,0.8,0.57,0.25,0.55,0.83,22,19,0.537
Hustle,8/21/2021,ATL 26 - 25 PIT,15,11,0.94,0.67,0.71,0.69,0.21,0.46,0.73,26,25,0.51
Mechanix,8/21/2021,CHI 29 - 19 DET,26,8,0.91,0.56,0.55,0.45,0.1,0.2,0.63,29,19,0.396
Phoenix,8/21/2021,BOS 22 - 19 PHI,19,5,0.92,0.67,0.71,0.59,0.1,0.2,0.64,22,19,0.463
Royal,8/21/2021,TOR 23 - 25 MTL,17,13,0.93,0.81,0.67,0.55,0.33,0.69,0.94,23,25,0.521
Rush,8/21/2021,TOR 23 - 25 MTL,20,8,0.91,0.86,0.59,0.52,0.29,0.58,0.94,23,25,0.479
Spiders,8/21/2021,SJ 20 - 21 LA,23,4,0.92,1.0,0.61,0.5,0.27,0.4,0.79,20,21,0.512
Thunderbirds,8/21/2021,ATL 26 - 25 PIT,17,11,0.94,0.75,0.64,0.51,0.25,0.88,0.88,26,25,0.49
Union,8/21/2021,CHI 29 - 19 DET,18,16,0.92,0.62,0.86,0.62,0.35,0.61,0.83,29,19,0.604
Outlaws,8/22/2021,MTL 24 - 25 OTT,17,10,0.93,0.62,0.71,0.65,0.3,0.47,0.87,24,25,0.51
Radicals,8/22/2021,MAD 15 - 19 MIN,28,10,0.9,0.6,0.43,0.33,0.38,0.38,0.65,15,19,0.441
Royal,8/22/2021,MTL 24 - 25 OTT,20,6,0.9,0.7,0.67,0.5,0.25,0.67,0.86,24,25,0.49
Wind Chill,8/22/2021,MAD 15 - 19 MIN,23,13,0.92,0.7,0.63,0.38,0.43,0.56,0.79,15,19,0.559
Growlers,8/28/2021,DAL 18 - 22 SD,10,11,0.96,0.78,0.75,0.71,0.29,0.54,0.93,18,22,0.55
Legion,8/28/2021,DAL 18 - 22 SD,16,5,0.94,0.5,0.63,0.52,0.15,0.6,0.71,18,22,0.45
Outlaws,8/28/2021,OTT 13 - 22 TOR,29,13,0.85,0.6,0.48,0.32,0.13,0.25,0.62,13,22,0.371
Rush,8/28/2021,OTT 13 - 22 TOR,20,16,0.92,1.0,0.87,0.62,0.39,0.41,0.75,13,22,0.629
Breeze,8/29/2021,DC 28 - 16 TB,15,19,0.94,0.6,0.94,0.8,0.4,0.48,0.89,28,16,0.636
Cannons,8/29/2021,DC 28 - 16 TB,30,10,0.89,0.5,0.5,0.36,0.06,0.25,0.77,28,16,0.364
Empire,8/29/2021,NY 18 - 17 BOS,17,12,0.94,0.5,0.79,0.54,0.15,0.43,0.6,18,17,0.514
Glory,8/29/2021,NY 18 - 17 BOS,19,12,0.92,0.54,0.75,0.63,0.11,0.17,0.68,18,17,0.486
Royal,8/29/2021,MTL 25 - 18 TOR,20,13,0.91,0.63,0.89,0.57,0.3,0.5,0.84,25,18,0.581
Rush,8/29/2021,MTL 25 - 18 TOR,28,13,0.86,0.89,0.63,0.49,0.05,0.08,0.75,25,18,0.419
Union,8/29/2021,MIN 19 - 21 CHI,15,10,0.94,0.64,0.76,0.64,0.22,0.42,0.88,19,21,0.525
Wind Chill,8/29/2021,MIN 19 - 21 CHI,18,11,0.94,0.71,0.65,0.52,0.19,0.5,0.81,19,21,0.475
Breeze,9/3/2021,RAL 19 - 16 DC,15,4,0.95,0.54,0.62,0.57,0.18,0.38,0.73,19,16,0.457
Flyers,9/3/2021,RAL 19 - 16 DC,10,12,0.96,0.62,0.76,0.62,0.29,0.67,0.86,19,16,0.457
Empire,9/4/2021,ATL 21 - 22 NY,13,8,0.96,0.57,0.74,0.71,0.21,0.45,0.75,21,22,0.512
Hustle,9/4/2021,ATL 21 - 22 NY,12,4,0.95,0.71,0.67,0.57,0.22,0.71,0.67,21,22,0.488
Outlaws,9/4/2021,TOR 24 - 22 OTT,16,8,0.93,0.67,0.68,0.63,0.21,0.45,0.8,24,22,0.478
Rush,9/4/2021,TOR 24 - 22 OTT,14,9,0.93,1.0,0.71,0.57,0.28,0.7,0.78,24,22,0.522
Royal,9/9/2021,TOR 18 - 19 MTL,13,7,0.94,0.64,0.75,0.56,0.19,0.67,0.78,18,19,0.514
Rush,9/9/2021,TOR 18 - 19 MTL,15,9,0.94,1.0,0.67,0.64,0.2,0.36,0.87,18,19,0.486
Empire,9/10/2021,SD 18 - 22 NY,15,15,0.95,0.55,0.7,0.5,0.35,0.8,0.89,18,22,0.55
Flyers,9/10/2021,RAL 21 - 20 CHI,17,9,0.95,0.5,0.78,0.58,0.13,0.43,0.7,21,20,0.488
Growlers,9/10/2021,SD 18 - 22 NY,19,9,0.94,0.56,0.57,0.54,0.25,0.38,0.93,18,22,0.45
Union,9/10/2021,RAL 21 - 20 CHI,17,12,0.94,0.33,0.74,0.65,0.13,0.27,1.0,21,20,0.488
Empire,9/11/2021,RAL 19 - 16 NY,10,4,0.96,0.4,0.71,0.63,0.06,0.5,0.81,19,16,0.457
Flyers,9/11/2021,RAL 19 - 16 NY,7,5,0.98,0.71,0.83,0.79,0.19,0.5,0.93,19,16,0.457
Flyers,4/29/2022,ATL 14 - 16 CAR,10,7,0.95,0.55,0.69,0.61,0.22,0.5,0.92,14,16,0.533
Growlers,4/29/2022,SLC 24 - 22 SD,16,9,0.93,0.67,0.73,0.58,0.13,0.6,0.69,24,22,0.478
Hustle,4/29/2022,ATL 14 - 16 CAR,11,4,0.96,0.78,0.67,0.57,0.13,0.33,0.75,14,16,0.467
Shred,4/29/2022,SLC 24 - 22 SD,15,10,0.95,0.7,0.78,0.69,0.23,0.43,0.76,24,22,0.522
Aviators,4/30/2022,SLC 25 - 22 LA,21,8,0.91,0.58,0.64,0.52,0.21,0.45,0.92,25,22,0.468
Breeze,4/30/2022,NY 22 - 19 DC,10,5,0.96,1.0,0.65,0.6,0.15,0.75,0.76,22,19,0.463
Cannons,4/30/2022,TB 12 - 24 ATL,20,3,0.93,0.4,0.4,0.36,0.14,0.5,0.67,12,24,0.333
Empire,4/30/2022,NY 22 - 19 DC,8,6,0.97,0.86,0.85,0.81,0.22,0.56,0.94,22,19,0.537
Glory,4/30/2022,PHI 24 - 25 BOS,11,6,0.96,0.75,0.83,0.8,0.19,0.42,0.89,24,25,0.51
Hustle,4/30/2022,TB 12 - 24 ATL,7,12,0.97,1.0,0.71,0.63,0.56,0.78,0.89,12,24,0.667
Legion,4/30/2022,ATX 20 - 17 DAL,21,10,0.9,0.47,0.68,0.47,0.11,0.33,0.8,20,17,0.459
Mechanix,4/30/2022,PIT 17 - 13 DET,32,10,0.84,0.6,0.61,0.32,0.13,0.18,0.83,17,13,0.433
Phoenix,4/30/2022,PHI 24 - 25 BOS,13,10,0.96,0.92,0.78,0.64,0.13,0.75,0.87,24,25,0.49
Royal,4/30/2022,MTL 26 - 19 TOR,13,14,0.94,0.75,0.76,0.57,0.36,0.83,0.87,26,19,0.578
Rush,4/30/2022,MTL 26 - 19 TOR,19,10,0.92,0.6,0.57,0.55,0.1,0.2,0.69,26,19,0.422
Shred,4/30/2022,SLC 25 - 22 LA,18,9,0.95,0.71,0.75,0.6,0.28,0.5,0.71,25,22,0.532
Sol,4/30/2022,ATX 20 - 17 DAL,18,12,0.93,0.55,0.74,0.61,0.27,0.38,0.93,20,17,0.541
Thunderbirds,4/30/2022,PIT 17 - 13 DET,30,13,0.84,0.36,0.8,0.5,0.28,0.22,0.64,17,13,0.567
Cascades,5/1/2022,SEA 24 - 29 POR,20,13,0.94,0.59,0.71,0.61,0.08,0.25,0.81,24,29,0.453
Nitro,5/1/2022,SEA 24 - 29 POR,15,11,0.93,0.69,0.88,0.71,0.23,0.54,0.94,24,29,0.547
Thunderbirds,5/1/2022,PIT 8 - 19 CHI,39,14,0.84,0.27,0.38,0.21,0.0,0.0,0.4,8,19,0.296
Union,5/1/2022,PIT 8 - 19 CHI,28,13,0.88,0.25,0.8,0.44,0.52,0.37,0.67,8,19,0.704
Glory,5/6/2022,BOS 19 - 21 OTT,27,10,0.87,0.39,0.71,0.5,0.19,0.25,0.71,19,21,0.475
Outlaws,5/6/2022,BOS 19 - 21 OTT,26,12,0.9,0.8,0.71,0.45,0.29,0.4,0.73,19,21,0.525
AlleyCats,5/7/2022,DET 22 - 33 IND,10,17,0.96,0.9,0.92,0.79,0.31,0.69,1.0,22,33,0.6
Cannons,5/7/2022,CAR 19 - 13 TB,22,10,0.93,0.63,0.65,0.5,0.0,0.0,0.5,19,13,0.406
Cascades,5/7/2022,COL 19 - 16 SEA,30,15,0.88,0.42,0.67,0.41,0.12,0.17,0.67,19,16,0.457
Empire,5/7/2022,PHI 15 - 17 NY,22,14,0.91,0.45,0.82,0.61,0.17,0.19,0.8,15,17,0.531
Flyers,5/7/2022,CAR 19 - 13 TB,17,6,0.92,0.63,0.93,0.58,0.25,0.42,0.85,19,13,0.594
Glory,5/7/2022,BOS 17 - 21 MTL,27,15,0.88,0.5,0.57,0.37,0.21,0.36,0.68,17,21,0.447
Growlers,5/7/2022,SD 18 - 16 OAK,29,15,0.87,0.29,0.78,0.45,0.2,0.25,0.82,18,16,0.529
Mechanix,5/7/2022,DET 22 - 33 IND,23,4,0.93,0.67,0.6,0.53,0.04,0.2,0.83,22,33,0.4
Phoenix,5/7/2022,PHI 15 - 17 NY,23,11,0.92,0.45,0.72,0.43,0.12,0.25,0.7,15,17,0.469
Radicals,5/7/2022,PIT 16 - 18 MAD,20,14,0.91,0.47,0.67,0.44,0.3,0.5,0.77,16,18,0.529
Royal,5/7/2022,BOS 17 - 21 MTL,24,11,0.9,0.71,0.74,0.54,0.3,0.33,0.68,17,21,0.553
Spiders,5/7/2022,SD 18 - 16 OAK,31,11,0.87,0.38,0.65,0.42,0.17,0.19,0.77,18,16,0.471
Summit,5/7/2022,COL 19 - 16 SEA,25,13,0.91,0.5,0.82,0.54,0.24,0.28,0.73,19,16,0.543
Thunderbirds,5/7/2022,PIT 16 - 18 MAD,22,12,0.93,0.3,0.6,0.48,0.22,0.31,0.67,16,18,0.471
Union,5/7/2022,CHI 24 - 21 MIN,21,12,0.92,0.56,0.77,0.59,0.28,0.41,0.83,24,21,0.533
Wind Chill,5/7/2022,CHI 24 - 21 MIN,25,10,0.88,0.67,0.64,0.47,0.23,0.42,0.72,24,21,0.467
Nitro,5/8/2022,COL 24 - 23 POR,22,10,0.91,0.71,0.76,0.56,0.16,0.36,0.64,24,23,0.489
Summit,5/8/2022,COL 24 - 23 POR,22,14,0.94,0.5,0.72,0.56,0.24,0.4,0.72,24,23,0.511
Cascades,5/13/2022,SEA 21 - 32 SLC,27,8,0.9,0.6,0.56,0.48,0.09,0.25,0.7,21,32,0.396
Legion,5/13/2022,DAL 17 - 24 ATX,25,8,0.88,0.59,0.5,0.37,0.21,0.57,0.67,17,24,0.415
Phoenix,5/13/2022,MTL 18 - 17 PHI,23,14,0.92,0.6,0.61,0.41,0.32,0.5,0.69,18,17,0.486
Royal,5/13/2022,MTL 18 - 17 PHI,23,14,0.9,0.44,0.63,0.48,0.33,0.38,0.87,18,17,0.514
Shred,5/13/2022,SEA 21 - 32 SLC,14,12,0.96,0.75,0.87,0.71,0.35,0.67,0.88,21,32,0.604
Sol,5/13/2022,DAL 17 - 24 ATX,19,14,0.93,0.45,0.63,0.55,0.46,0.57,0.89,17,24,0.585
AlleyCats,5/14/2022,MAD 23 - 22 IND,15,5,0.95,0.69,0.67,0.53,0.25,0.86,0.89,23,22,0.489
Aviators,5/14/2022,LA 17 - 22 SD,27,2,0.9,0.5,0.63,0.41,0.11,0.29,0.56,17,22,0.436
Breeze,5/14/2022,MTL 17 - 27 DC,12,12,0.96,0.77,0.89,0.77,0.34,0.59,0.89,17,27,0.614
Cannons,5/14/2022,TB 18 - 24 CAR,19,4,0.93,0.59,0.54,0.47,0.2,0.57,0.75,18,24,0.429
Empire,5/14/2022,NY 23 - 19 BOS,13,10,0.96,0.6,0.81,0.68,0.24,0.5,0.83,23,19,0.548
Flyers,5/14/2022,TB 18 - 24 CAR,11,9,0.96,0.67,0.8,0.7,0.31,0.62,0.89,18,24,0.571
Glory,5/14/2022,NY 23 - 19 BOS,18,7,0.92,0.33,0.64,0.53,0.14,0.43,0.82,23,19,0.452
Growlers,5/14/2022,LA 17 - 22 SD,20,15,0.92,0.67,0.84,0.67,0.25,0.32,0.73,17,22,0.564
Legion,5/14/2022,MIN 20 - 14 DAL,27,10,0.9,0.59,0.41,0.3,0.31,0.42,0.6,20,14,0.412
Outlaws,5/14/2022,OTT 26 - 29 TOR,12,6,0.95,0.63,0.77,0.68,0.11,0.6,0.88,26,29,0.473
Radicals,5/14/2022,MAD 23 - 22 IND,15,6,0.95,0.46,0.67,0.64,0.29,0.5,0.78,23,22,0.511
Royal,5/14/2022,MTL 17 - 27 DC,20,8,0.92,0.5,0.55,0.47,0.05,0.25,0.75,17,27,0.386
Rush,5/14/2022,OTT 26 - 29 TOR,9,9,0.96,0.89,0.89,0.83,0.17,0.56,0.87,26,29,0.527
Wind Chill,5/14/2022,MIN 20 - 14 DAL,20,15,0.91,0.36,0.63,0.45,0.45,0.53,0.69,20,14,0.588
Flyers,5/20/2022,ATX 24 - 27 CAR,13,9,0.94,0.82,0.77,0.65,0.21,0.75,0.89,24,27,0.529
Glory,5/20/2022,TOR 13 - 23 BOS,11,9,0.95,0.79,0.8,0.63,0.44,0.69,0.87,13,23,0.639
Phoenix,5/20/2022,PHI 19 - 13 MTL,30,17,0.89,0.47,0.8,0.43,0.39,0.32,0.58,19,13,0.594
Royal,5/20/2022,PHI 19 - 13 MTL,34,11,0.86,0.29,0.61,0.34,0.13,0.13,0.64,19,13,0.406
Rush,5/20/2022,TOR 13 - 23 BOS,20,7,0.93,0.8,0.44,0.38,0.13,0.33,0.5,13,23,0.361
Sol,5/20/2022,ATX 24 - 27 CAR,17,5,0.94,0.56,0.66,0.61,0.19,0.45,0.94,24,27,0.471
AlleyCats,5/21/2022,IND 20 - 16 PIT,15,10,0.94,0.58,0.78,0.54,0.27,0.6,0.88,20,16,0.556
Cascades,5/21/2022,SEA 20 - 22 SD,24,16,0.9,0.93,0.71,0.52,0.14,0.27,0.71,20,22,0.476
Empire,5/21/2022,TOR 17 - 31 NY,10,17,0.96,0.88,0.79,0.75,0.5,0.7,0.82,17,31,0.646
Growlers,5/21/2022,SEA 20 - 22 SD,20,17,0.91,1.0,0.76,0.55,0.25,0.38,0.81,20,22,0.524
Hustle,5/21/2022,ATX 21 - 26 ATL,11,9,0.96,0.82,0.86,0.72,0.3,0.62,0.82,21,26,0.553
Mechanix,5/21/2022,MAD 27 - 18 DET,23,8,0.94,0.56,0.55,0.5,0.1,0.22,0.87,27,18,0.4
Nitro,5/21/2022,POR 26 - 22 OAK,18,13,0.93,0.77,0.78,0.67,0.3,0.44,0.79,26,22,0.542
Outlaws,5/21/2022,PHI 23 - 22 OTT,19,12,0.92,0.5,0.71,0.61,0.21,0.38,0.85,23,22,0.489
Phoenix,5/21/2022,PHI 23 - 22 OTT,20,11,0.92,0.73,0.71,0.53,0.25,0.55,0.67,23,22,0.511
Radicals,5/21/2022,MAD 27 - 18 DET,12,14,0.95,1.0,0.85,0.65,0.34,0.77,0.87,27,18,0.6
Rush,5/21/2022,TOR 17 - 31 NY,25,6,0.9,0.58,0.44,0.37,0.16,0.75,0.79,17,31,0.354
Sol,5/21/2022,ATX 21 - 26 ATL,17,4,0.94,0.72,0.7,0.59,0.1,0.33,0.82,21,26,0.447
Spiders,5/21/2022,POR 26 - 22 OAK,24,9,0.92,0.65,0.63,0.46,0.22,0.56,0.61,26,22,0.458
Thunderbirds,5/21/2022,IND 20 - 16 PIT,19,6,0.94,0.29,0.64,0.56,0.11,0.2,0.76,20,16,0.444
Aviators,5/22/2022,SEA 18 - 19 LA,15,6,0.94,0.5,0.85,0.68,0.1,0.22,0.83,18,19,0.514
Cascades,5/22/2022,SEA 18 - 19 LA,16,7,0.94,1.0,0.75,0.58,0.15,0.38,0.78,18,19,0.486
Empire,5/27/2022,NY 22 - 18 MTL,15,6,0.95,0.67,0.7,0.61,0.33,0.53,0.93,22,18,0.55
Royal,5/27/2022,NY 22 - 18 MTL,20,8,0.9,0.46,0.58,0.45,0.2,0.57,0.83,22,18,0.45
AlleyCats,5/28/2022,IND 23 - 19 DET,12,8,0.96,0.67,0.67,0.58,0.36,0.75,0.77,23,19,0.548
Breeze,5/28/2022,DC 27 - 26 TOR,9,5,0.97,0.62,0.75,0.68,0.21,1.0,0.93,27,26,0.509
Cannons,5/28/2022,PIT 24 - 19 TB,21,7,0.92,0.71,0.5,0.41,0.3,0.75,0.71,24,19,0.442
Cascades,5/28/2022,POR 18 - 26 SEA,22,13,0.91,0.47,0.65,0.5,0.46,0.59,1.0,18,26,0.591
Empire,5/28/2022,NY 30 - 18 OTT,15,14,0.95,0.75,0.85,0.85,0.38,0.5,0.86,30,18,0.625
Mechanix,5/28/2022,IND 23 - 19 DET,16,8,0.95,0.58,0.6,0.54,0.19,0.57,0.86,23,19,0.452
Nitro,5/28/2022,POR 18 - 26 SEA,29,12,0.88,0.56,0.46,0.36,0.25,0.42,0.73,18,26,0.409
Outlaws,5/28/2022,NY 30 - 18 OTT,26,10,0.87,0.44,0.5,0.37,0.1,0.67,0.56,30,18,0.375
Radicals,5/28/2022,MIN 19 - 16 MAD,18,6,0.93,0.46,0.62,0.54,0.17,0.3,0.71,19,16,0.457
Rush,5/28/2022,DC 27 - 26 TOR,11,4,0.96,0.8,0.76,0.76,0.14,0.5,0.8,27,26,0.491
Shred,5/28/2022,SLC 20 - 21 COL,22,11,0.92,0.41,0.68,0.54,0.23,0.36,0.79,20,21,0.488
Summit,5/28/2022,SLC 20 - 21 COL,20,13,0.91,0.5,0.68,0.52,0.27,0.46,0.69,20,21,0.512
Thunderbirds,5/28/2022,PIT 24 - 19 TB,15,9,0.94,0.71,0.7,0.64,0.38,0.59,0.86,24,19,0.558
Wind Chill,5/28/2022,MIN 19 - 16 MAD,15,11,0.95,0.38,0.67,0.48,0.33,0.7,0.79,19,16,0.543
Outlaws,6/1/2022,MTL 24 - 21 OTT,17,10,0.93,0.6,0.65,0.52,0.2,0.8,0.92,24,21,0.467
Royal,6/1/2022,MTL 24 - 21 OTT,13,9,0.95,0.53,0.8,0.76,0.27,0.47,0.82,24,21,0.533
Breeze,6/3/2022,BOS 20 - 25 DC,15,7,0.94,0.5,0.73,0.64,0.33,0.6,1.0,20,25,0.556
Flyers,6/3/2022,CAR 26 - 18 DAL,9,11,0.97,0.72,0.9,0.82,0.3,0.57,1.0,26,18,0.591
Glory,6/3/2022,BOS 20 - 25 DC,20,9,0.93,0.5,0.59,0.48,0.18,0.5,0.71,20,25,0.444
Legion,6/3/2022,CAR 26 - 18 DAL,18,5,0.93,0.7,0.67,0.55,0.0,0.0,0.86,26,18,0.409
Radicals,6/3/2022,MAD 20 - 19 PIT,17,12,0.94,0.45,0.67,0.56,0.27,0.5,0.81,20,19,0.513
Shred,6/3/2022,OAK 21 - 30 SLC,18,11,0.92,0.5,0.83,0.61,0.35,0.65,0.96,21,30,0.588
Spiders,6/3/2022,OAK 21 - 30 SLC,27,7,0.9,0.43,0.55,0.46,0.17,0.33,0.82,21,30,0.412
Thunderbirds,6/3/2022,MAD 20 - 19 PIT,16,9,0.95,0.75,0.68,0.54,0.19,0.5,0.73,20,19,0.487
AlleyCats,6/4/2022,IND 13 - 28 MIN,28,5,0.91,0.75,0.4,0.36,0.07,0.14,0.89,13,28,0.317
Aviators,6/4/2022,LA 21 - 20 POR,16,6,0.94,0.57,0.67,0.48,0.26,0.75,0.8,21,20,0.512
Cannons,6/4/2022,ATL 18 - 16 TB,29,10,0.89,0.67,0.65,0.37,0.17,0.27,0.78,18,16,0.471
Empire,6/4/2022,NY 25 - 8 TOR,14,13,0.95,0.64,1.0,0.83,0.58,0.56,0.89,25,8,0.758
Flyers,6/4/2022,CAR 20 - 21 ATX,10,6,0.96,0.75,0.74,0.71,0.14,0.5,0.86,20,21,0.488
Glory,6/4/2022,BOS 22 - 24 PHI,21,9,0.92,0.5,0.68,0.52,0.21,0.5,0.83,22,24,0.478
Hustle,6/4/2022,ATL 18 - 16 TB,26,23,0.87,0.54,0.72,0.5,0.2,0.22,0.81,18,16,0.529
Mechanix,6/4/2022,CHI 28 - 20 DET,28,11,0.9,0.45,0.6,0.46,0.09,0.22,0.87,28,20,0.417
Nitro,6/4/2022,LA 21 - 20 POR,17,9,0.92,0.72,0.7,0.64,0.19,0.29,0.92,21,20,0.488
Phoenix,6/4/2022,BOS 22 - 24 PHI,19,11,0.93,0.56,0.75,0.62,0.24,0.4,0.89,22,24,0.522
Rush,6/4/2022,NY 25 - 8 TOR,28,6,0.89,0.38,0.31,0.22,0.0,0.0,0.43,25,8,0.242
Sol,6/4/2022,CAR 20 - 21 ATX,9,5,0.96,0.92,0.81,0.71,0.17,0.67,1.0,20,21,0.512
Spiders,6/4/2022,OAK 16 - 22 COL,23,8,0.92,0.56,0.58,0.47,0.12,0.2,0.71,16,22,0.421
Summit,6/4/2022,OAK 16 - 22 COL,17,14,0.91,0.63,0.76,0.54,0.38,0.56,0.62,16,22,0.579
Union,6/4/2022,CHI 28 - 20 DET,18,16,0.92,0.82,0.91,0.69,0.27,0.47,0.8,28,20,0.583
Wind Chill,6/4/2022,IND 13 - 28 MIN,12,18,0.96,0.75,0.8,0.6,0.55,0.76,0.78,13,28,0.683
Aviators,6/5/2022,LA 14 - 23 SEA,31,8,0.89,0.25,0.54,0.42,0.06,0.07,0.69,14,23,0.378
Cascades,6/5/2022,LA 14 - 23 SEA,21,20,0.91,0.67,0.81,0.46,0.42,0.59,0.77,14,23,0.622
Aviators,6/10/2022,POR 16 - 17 LA,23,14,0.93,0.54,0.67,0.43,0.26,0.38,0.64,16,17,0.515
Breeze,6/10/2022,DC 21 - 25 NY,15,7,0.94,0.57,0.63,0.57,0.17,0.57,0.89,21,25,0.457
Empire,6/10/2022,DC 21 - 25 NY,11,9,0.96,0.56,0.74,0.68,0.3,0.67,0.94,21,25,0.543
Nitro,6/10/2022,POR 16 - 17 LA,23,13,0.9,0.11,0.68,0.5,0.17,0.23,0.75,16,17,0.485
Radicals,6/10/2022,MAD 21 - 22 CHI,18,7,0.94,0.45,0.71,0.5,0.17,0.8,0.82,21,22,0.488
Shred,6/10/2022,COL 25 - 20 SLC,20,7,0.93,0.71,0.56,0.48,0.23,0.56,0.6,25,20,0.444
Summit,6/10/2022,COL 25 - 20 SLC,14,8,0.94,0.89,0.64,0.56,0.41,0.73,0.65,25,20,0.556
Union,6/10/2022,MAD 21 - 22 CHI,15,10,0.94,0.7,0.83,0.79,0.13,0.23,0.78,21,22,0.512
AlleyCats,6/11/2022,DET 18 - 32 IND,7,13,0.98,0.8,0.89,0.77,0.45,0.88,0.84,18,32,0.64
Cannons,6/11/2022,TB 18 - 23 ATL,23,3,0.92,0.52,0.52,0.45,0.25,0.42,0.77,18,23,0.439
Flyers,6/11/2022,DAL 15 - 23 CAR,15,11,0.94,0.57,0.94,0.64,0.28,0.5,0.89,15,23,0.605
Growlers,6/11/2022,POR 18 - 20 SD,17,12,0.94,1.0,0.7,0.58,0.27,0.43,0.87,18,20,0.526
Hustle,6/11/2022,TB 18 - 23 ATL,16,13,0.93,1.0,0.6,0.48,0.44,0.73,0.73,18,23,0.561
Legion,6/11/2022,DAL 15 - 23 CAR,24,6,0.91,0.47,0.56,0.45,0.06,0.13,0.8,15,23,0.395
Mechanix,6/11/2022,DET 18 - 32 IND,21,2,0.92,0.73,0.48,0.46,0.11,0.4,0.6,18,32,0.36
Nitro,6/11/2022,POR 18 - 20 SD,19,11,0.93,0.54,0.64,0.48,0.2,0.4,0.88,18,20,0.474
Royal,6/11/2022,TOR 21 - 20 MTL,17,6,0.92,0.6,0.73,0.62,0.19,0.36,0.74,21,20,0.488
Rush,6/11/2022,TOR 21 - 20 MTL,15,14,0.95,0.82,0.71,0.56,0.27,0.6,0.7,21,20,0.512
Spiders,6/11/2022,COL 29 - 24 OAK,16,4,0.94,0.58,0.67,0.65,0.15,0.44,0.86,29,24,0.453
Summit,6/11/2022,COL 29 - 24 OAK,11,9,0.95,0.69,0.77,0.65,0.3,0.82,0.86,29,24,0.547
Thunderbirds,6/11/2022,PIT 14 - 20 MIN,26,8,0.91,0.45,0.45,0.3,0.25,0.44,0.5,14,20,0.412
Wind Chill,6/11/2022,PIT 14 - 20 MIN,21,12,0.92,0.56,0.63,0.5,0.45,0.45,0.7,14,20,0.588
Cascades,6/17/2022,SEA 19 - 20 OAK,25,10,0.93,0.44,0.65,0.47,0.2,0.33,0.86,19,20,0.487
Flyers,6/17/2022,CAR 22 - 18 ATL,13,11,0.96,0.77,0.75,0.54,0.3,0.88,0.81,22,18,0.55
Glory,6/17/2022,OTT 18 - 19 BOS,24,11,0.91,0.56,0.68,0.48,0.3,0.35,0.65,18,19,0.514
Hustle,6/17/2022,CAR 22 - 18 ATL,16,6,0.94,0.9,0.7,0.67,0.1,0.2,0.77,22,18,0.45
Outlaws,6/17/2022,OTT 18 - 19 BOS,24,14,0.91,0.5,0.7,0.45,0.21,0.33,0.87,18,19,0.486
Phoenix,6/17/2022,TOR 14 - 18 PHI,21,15,0.92,0.61,0.75,0.44,0.3,0.46,0.9,14,18,0.563
Rush,6/17/2022,TOR 14 - 18 PHI,26,11,0.9,0.33,0.6,0.46,0.06,0.08,0.6,14,18,0.438
Sol,6/17/2022,ATX 21 - 24 CHI,19,9,0.93,0.63,0.62,0.55,0.22,0.42,0.78,21,24,0.467
Spiders,6/17/2022,SEA 19 - 20 OAK,25,10,0.91,0.73,0.65,0.45,0.3,0.44,0.6,19,20,0.513
Union,6/17/2022,ATX 21 - 24 CHI,15,10,0.93,0.77,0.74,0.59,0.27,0.64,0.72,21,24,0.533
Aviators,6/18/2022,SD 20 - 19 LA,15,6,0.95,0.7,0.85,0.59,0.1,0.33,0.75,20,19,0.487
Breeze,6/18/2022,TOR 16 - 26 DC,19,19,0.94,0.62,0.78,0.58,0.39,0.5,0.73,16,26,0.619
Cascades,6/18/2022,SEA 14 - 22 COL,25,6,0.9,0.42,0.5,0.35,0.13,0.4,0.45,14,22,0.389
Empire,6/18/2022,OTT 15 - 21 NY,17,11,0.94,0.71,0.76,0.54,0.35,0.53,0.71,15,21,0.583
Growlers,6/18/2022,SD 20 - 19 LA,15,10,0.95,0.9,0.86,0.75,0.1,0.18,0.64,20,19,0.513
Mechanix,6/18/2022,DET 21 - 24 PIT,25,10,0.91,0.71,0.63,0.45,0.26,0.46,0.85,21,24,0.467
Outlaws,6/18/2022,OTT 15 - 21 NY,22,9,0.91,0.5,0.57,0.43,0.12,0.2,0.67,15,21,0.417
Radicals,6/18/2022,ATX 19 - 18 MAD,17,5,0.92,0.83,0.6,0.5,0.3,0.5,0.73,19,18,0.486
Rush,6/18/2022,TOR 16 - 26 DC,30,13,0.89,0.33,0.5,0.37,0.11,0.25,0.67,16,26,0.381
Sol,6/18/2022,ATX 19 - 18 MAD,17,7,0.95,0.56,0.7,0.54,0.25,0.5,0.79,19,18,0.514
Summit,6/18/2022,SEA 14 - 22 COL,16,14,0.94,0.63,0.8,0.67,0.42,0.48,0.74,14,22,0.611
Thunderbirds,6/18/2022,DET 21 - 24 PIT,24,16,0.91,0.5,0.7,0.52,0.29,0.44,0.7,21,24,0.533
Growlers,6/24/2022,SD 18 - 23 SLC,31,10,0.9,0.56,0.56,0.37,0.2,0.36,0.8,18,23,0.439
Shred,6/24/2022,SD 18 - 23 SLC,24,12,0.89,0.76,0.65,0.5,0.4,0.43,0.69,18,23,0.561
AlleyCats,6/25/2022,CHI 24 - 23 IND,14,8,0.95,0.69,0.62,0.57,0.29,0.78,0.71,24,23,0.489
Cannons,6/25/2022,CAR 23 - 15 TB,29,14,0.88,1.0,0.52,0.36,0.12,0.22,0.63,23,15,0.395
Cascades,6/25/2022,OAK 22 - 17 SEA,26,13,0.88,0.47,0.61,0.47,0.16,0.23,0.64,22,17,0.436
Flyers,6/25/2022,CAR 23 - 15 TB,22,10,0.91,0.56,0.76,0.54,0.4,0.48,0.77,23,15,0.605
Glory,6/25/2022,BOS 23 - 25 TOR,18,8,0.92,0.83,0.74,0.65,0.12,0.27,0.8,23,25,0.479
Growlers,6/25/2022,SD 21 - 27 COL,18,6,0.94,0.57,0.66,0.53,0.09,0.67,0.86,21,27,0.438
Legion,6/25/2022,DAL 20 - 26 ATX,20,4,0.9,0.68,0.57,0.48,0.19,0.57,0.8,20,26,0.435
Radicals,6/25/2022,MAD 11 - 22 MIN,42,10,0.82,0.36,0.35,0.21,0.23,0.2,0.39,11,22,0.333
Rush,6/25/2022,BOS 23 - 25 TOR,15,9,0.95,0.8,0.8,0.61,0.19,0.56,0.69,23,25,0.521
Sol,6/25/2022,DAL 20 - 26 ATX,14,10,0.95,0.5,0.71,0.63,0.39,0.69,0.89,20,26,0.565
Spiders,6/25/2022,OAK 22 - 17 SEA,20,9,0.93,0.67,0.79,0.52,0.3,0.5,0.77,22,17,0.564
Summit,6/25/2022,SD 21 - 27 COL,12,8,0.96,0.64,0.83,0.79,0.28,0.53,0.88,21,27,0.563
Union,6/25/2022,CHI 24 - 23 IND,11,5,0.96,0.67,0.63,0.58,0.35,0.82,0.81,24,23,0.511
Wind Chill,6/25/2022,MAD 11 - 22 MIN,31,16,0.91,0.4,0.69,0.38,0.52,0.41,0.79,11,22,0.667
Nitro,6/26/2022,OAK 36 - 21 POR,28,8,0.89,1.0,0.51,0.44,0.09,0.33,0.75,36,21,0.368
Spiders,6/26/2022,OAK 36 - 21 POR,12,13,0.97,0.79,0.91,0.78,0.39,0.71,1.0,36,21,0.632
Empire,7/1/2022,MTL 14 - 29 NY,13,13,0.95,0.55,0.81,0.65,0.52,0.73,1.0,14,29,0.674
Royal,7/1/2022,MTL 14 - 29 NY,26,5,0.9,0.56,0.39,0.32,0.13,0.33,0.64,14,29,0.326
Union,7/1/2022,MIN 25 - 22 CHI,16,7,0.95,0.73,0.77,0.65,0.08,0.29,0.88,25,22,0.468
Wind Chill,7/1/2022,MIN 25 - 22 CHI,13,9,0.95,0.43,0.83,0.71,0.19,0.5,0.95,25,22,0.532
AlleyCats,7/2/2022,PIT 26 - 28 IND,12,7,0.96,0.8,0.71,0.67,0.27,0.73,0.85,26,28,0.519
Aviators,7/2/2022,LA 15 - 24 COL,20,4,0.93,0.64,0.48,0.4,0.19,0.6,0.59,15,24,0.385
Breeze,7/2/2022,DC 22 - 21 PHI,14,8,0.96,0.86,0.7,0.64,0.26,0.55,0.79,22,21,0.512
Flyers,7/2/2022,ATL 16 - 18 CAR,18,9,0.95,0.5,0.83,0.6,0.16,0.25,0.69,16,18,0.529
Glory,7/2/2022,MTL 16 - 23 BOS,20,12,0.93,0.47,0.67,0.55,0.44,0.5,0.81,16,23,0.59
Hustle,7/2/2022,ATL 16 - 18 CAR,19,10,0.91,0.57,0.74,0.54,0.11,0.22,0.58,16,18,0.471
Legion,7/2/2022,ATX 26 - 16 DAL,28,9,0.87,0.57,0.54,0.42,0.06,0.13,0.57,26,16,0.381
Mechanix,7/2/2022,MIN 33 - 19 DET,27,9,0.89,0.63,0.55,0.45,0.05,0.14,0.62,33,19,0.365
Outlaws,7/2/2022,TOR 21 - 20 OTT,28,14,0.88,0.54,0.64,0.48,0.23,0.26,0.64,21,20,0.488
Phoenix,7/2/2022,DC 22 - 21 PHI,15,5,0.94,0.44,0.65,0.54,0.26,0.67,0.85,22,21,0.488
Royal,7/2/2022,MTL 16 - 23 BOS,25,12,0.9,0.6,0.4,0.3,0.33,0.6,0.62,16,23,0.41
Rush,7/2/2022,TOR 21 - 20 OTT,28,12,0.87,0.7,0.68,0.42,0.27,0.4,0.4,21,20,0.512
Sol,7/2/2022,ATX 26 - 16 DAL,17,11,0.94,0.69,0.83,0.6,0.39,0.58,0.9,26,16,0.619
Summit,7/2/2022,LA 15 - 24 COL,10,9,0.96,0.64,0.81,0.72,0.44,0.65,0.78,15,24,0.615
Thunderbirds,7/2/2022,PIT 26 - 28 IND,14,4,0.95,0.86,0.63,0.61,0.25,0.78,0.83,26,28,0.481
Wind Chill,7/2/2022,MIN 33 - 19 DET,14,13,0.94,0.82,0.9,0.7,0.42,0.67,0.94,33,19,0.635
Outlaws,7/7/2022,OTT 23 - 20 MTL,11,6,0.96,0.71,0.82,0.72,0.22,0.5,0.88,23,20,0.535
Royal,7/7/2022,OTT 23 - 20 MTL,13,6,0.94,0.9,0.71,0.63,0.14,0.5,0.64,23,20,0.465
Breeze,7/8/2022,PHI 24 - 25 DC,14,6,0.95,0.58,0.72,0.56,0.26,0.88,0.84,24,25,0.51
Cascades,7/8/2022,SLC 25 - 24 SEA,26,15,0.91,0.5,0.67,0.49,0.23,0.46,0.92,25,24,0.49
Hustle,7/8/2022,ATL 17 - 14 DAL,17,13,0.93,0.44,0.71,0.48,0.26,0.42,0.71,17,14,0.548
Legion,7/8/2022,ATL 17 - 14 DAL,22,10,0.93,0.57,0.58,0.44,0.18,0.27,0.73,17,14,0.452
Phoenix,7/8/2022,PHI 24 - 25 DC,16,8,0.95,0.73,0.7,0.68,0.2,0.42,0.89,24,25,0.49
Shred,7/8/2022,SLC 25 - 24 SEA,23,13,0.91,0.67,0.73,0.58,0.22,0.35,0.78,25,24,0.51
AlleyCats,7/9/2022,IND 15 - 23 CHI,24,7,0.9,0.71,0.43,0.34,0.29,0.45,0.56,15,23,0.395
Cannons,7/9/2022,TB 11 - 20 CAR,29,10,0.87,0.46,0.41,0.28,0.15,0.25,0.6,11,20,0.355
Empire,7/9/2022,BOS 18 - 32 NY,9,14,0.97,1.0,0.8,0.7,0.47,0.89,0.9,18,32,0.64
Flyers,7/9/2022,TB 11 - 20 CAR,18,13,0.93,0.13,0.77,0.56,0.45,0.48,0.83,11,20,0.645
Glory,7/9/2022,BOS 18 - 32 NY,24,5,0.9,0.6,0.44,0.42,0.15,0.5,0.64,18,32,0.36
Hustle,7/9/2022,ATL 17 - 18 ATX,17,11,0.9,0.64,0.6,0.48,0.28,0.45,0.69,17,18,0.486
Mechanix,7/9/2022,DET 19 - 22 PIT,18,6,0.93,0.91,0.54,0.46,0.29,0.6,0.58,19,22,0.463
Nitro,7/9/2022,SLC 28 - 14 POR,33,11,0.89,0.53,0.45,0.33,0.06,0.14,0.53,28,14,0.333
Shred,7/9/2022,SLC 28 - 14 POR,19,23,0.92,0.63,0.81,0.62,0.52,0.56,0.78,28,14,0.667
Sol,7/9/2022,ATL 17 - 18 ATX,16,8,0.95,0.7,0.67,0.52,0.3,0.55,0.64,17,18,0.514
Thunderbirds,7/9/2022,DET 19 - 22 PIT,16,9,0.94,0.64,0.62,0.54,0.38,0.64,0.75,19,22,0.537
Union,7/9/2022,IND 15 - 23 CHI,17,10,0.93,0.71,0.65,0.48,0.52,0.67,0.86,15,23,0.605
Radicals,7/10/2022,MIN 18 - 21 MAD,15,10,0.94,0.6,0.8,0.67,0.23,0.42,0.72,18,21,0.538
Wind Chill,7/10/2022,MIN 18 - 21 MAD,19,8,0.94,0.42,0.64,0.48,0.2,0.5,0.75,18,21,0.462
AlleyCats,7/15/2022,IND 19 - 17 MAD,12,8,0.96,0.63,0.63,0.57,0.37,0.78,0.71,19,17,0.528
Breeze,7/15/2022,DC 24 - 14 MTL,10,12,0.96,0.69,0.88,0.7,0.4,0.67,0.95,24,14,0.632
Growlers,7/15/2022,COL 20 - 23 SD,11,11,0.96,0.73,0.82,0.67,0.21,0.63,0.92,20,23,0.535
Radicals,7/15/2022,IND 19 - 17 MAD,14,7,0.94,0.5,0.58,0.52,0.32,0.6,0.76,19,17,0.472
Royal,7/15/2022,DC 24 - 14 MTL,21,2,0.92,0.36,0.48,0.41,0.13,0.33,0.83,24,14,0.368
Summit,7/15/2022,COL 20 - 23 SD,14,8,0.95,0.77,0.75,0.67,0.09,0.29,0.65,20,23,0.465
Aviators,7/16/2022,COL 27 - 21 LA,20,11,0.93,0.75,0.62,0.53,0.14,0.43,0.83,27,21,0.438
Breeze,7/16/2022,DC 24 - 17 OTT,17,14,0.94,0.5,0.84,0.62,0.31,0.5,0.83,24,17,0.585
Cannons,7/16/2022,ATL 26 - 17 TB,21,5,0.9,0.67,0.56,0.44,0.11,0.67,0.82,26,17,0.395
Flyers,7/16/2022,CAR 27 - 22 PIT,8,10,0.97,0.8,0.88,0.84,0.21,0.6,0.93,27,22,0.551
Hustle,7/16/2022,ATL 26 - 17 TB,10,7,0.96,0.86,0.83,0.79,0.39,0.55,0.94,26,17,0.605
Legion,7/16/2022,DAL 22 - 26 ATX,22,11,0.92,0.43,0.63,0.5,0.21,0.5,0.8,22,26,0.458
Mechanix,7/16/2022,MAD 25 - 18 DET,20,2,0.93,0.5,0.48,0.45,0.26,0.56,0.86,25,18,0.419
Outlaws,7/16/2022,DC 24 - 17 OTT,24,7,0.91,0.43,0.62,0.48,0.05,0.13,0.79,24,17,0.415
Phoenix,7/16/2022,PHI 25 - 23 TOR,17,8,0.94,0.62,0.72,0.58,0.23,0.55,0.76,25,23,0.521
Radicals,7/16/2022,MAD 25 - 18 DET,11,12,0.96,0.71,0.74,0.61,0.41,0.85,0.86,25,18,0.581
Rush,7/16/2022,PHI 25 - 23 TOR,18,7,0.93,0.68,0.77,0.65,0.12,0.27,0.92,25,23,0.479
Shred,7/16/2022,SLC 22 - 19 OAK,24,13,0.91,0.5,0.71,0.5,0.29,0.41,0.88,22,19,0.537
Sol,7/16/2022,DAL 22 - 26 ATX,18,12,0.94,0.58,0.75,0.62,0.3,0.53,0.82,22,26,0.542
Spiders,7/16/2022,SLC 22 - 19 OAK,27,16,0.92,0.67,0.58,0.42,0.24,0.36,0.77,22,19,0.463
Summit,7/16/2022,COL 27 - 21 LA,14,11,0.95,0.69,0.86,0.73,0.28,0.53,0.9,27,21,0.563
Thunderbirds,7/16/2022,CAR 27 - 22 PIT,13,5,0.96,0.62,0.72,0.64,0.04,0.33,1.0,27,22,0.449
Union,7/16/2022,CHI 27 - 25 MIN,13,5,0.95,0.83,0.81,0.76,0.17,0.45,0.89,27,25,0.519
Wind Chill,7/16/2022,CHI 27 - 25 MIN,14,7,0.94,0.69,0.72,0.62,0.15,0.67,0.94,27,25,0.481
Aviators,7/22/2022,LA 16 - 19 SLC,23,8,0.91,0.45,0.62,0.42,0.18,0.33,0.73,16,19,0.457
Empire,7/22/2022,NY 24 - 19 PHI,15,11,0.95,0.63,0.81,0.74,0.23,0.4,0.82,24,19,0.558
Hustle,7/22/2022,DAL 20 - 27 ATL,10,14,0.96,0.92,0.82,0.72,0.31,0.64,0.78,20,27,0.574
Legion,7/22/2022,DAL 20 - 27 ATL,19,6,0.93,0.56,0.59,0.52,0.14,0.5,0.71,20,27,0.426
Phoenix,7/22/2022,NY 24 - 19 PHI,21,10,0.91,0.58,0.65,0.49,0.1,0.33,0.75,24,19,0.442
Shred,7/22/2022,LA 16 - 19 SLC,19,11,0.93,0.82,0.82,0.61,0.24,0.29,0.6,16,19,0.543
AlleyCats,7/23/2022,MIN 24 - 21 IND,17,7,0.94,0.5,0.65,0.52,0.17,0.8,0.75,24,21,0.467
Aviators,7/23/2022,LA 18 - 22 OAK,21,7,0.93,0.71,0.58,0.45,0.21,0.5,0.61,18,22,0.45
Breeze,7/23/2022,DC 23 - 21 BOS,23,17,0.93,0.5,0.74,0.5,0.24,0.46,0.68,23,21,0.523
Cannons,7/23/2022,DAL 15 - 17 TB,20,13,0.93,0.6,0.59,0.43,0.39,0.47,0.75,15,17,0.531
Cascades,7/23/2022,SD 22 - 18 SEA,22,9,0.92,0.41,0.57,0.42,0.26,0.56,0.75,22,18,0.45
Glory,7/23/2022,DC 23 - 21 BOS,27,11,0.9,0.33,0.64,0.52,0.22,0.29,0.81,23,21,0.477
Growlers,7/23/2022,SD 22 - 18 SEA,17,10,0.95,0.8,0.74,0.61,0.35,0.5,0.88,22,18,0.55
Legion,7/23/2022,DAL 15 - 17 TB,21,10,0.88,0.79,0.56,0.4,0.29,0.45,0.73,15,17,0.469
Spiders,7/23/2022,LA 18 - 22 OAK,17,12,0.94,0.64,0.68,0.57,0.38,0.53,0.86,18,22,0.55
Thunderbirds,7/23/2022,CHI 25 - 17 PIT,17,6,0.93,0.75,0.52,0.44,0.16,0.75,0.54,25,17,0.405
Union,7/23/2022,CHI 25 - 17 PIT,10,6,0.96,0.75,0.79,0.79,0.37,0.63,0.87,25,17,0.595
Wind Chill,7/23/2022,MIN 24 - 21 IND,13,10,0.95,0.64,0.74,0.71,0.27,0.5,0.89,24,21,0.533
Growlers,7/24/2022,SD 23 - 18 POR,21,11,0.92,0.55,0.89,0.64,0.28,0.37,0.9,23,18,0.561
Nitro,7/24/2022,SD 23 - 18 POR,26,7,0.91,0.6,0.6,0.42,0.11,0.22,0.47,23,18,0.439
Aviators,7/29/2022,OAK 24 - 25 LA,16,3,0.95,0.5,0.69,0.62,0.26,0.54,0.96,24,25,0.51
Breeze,7/29/2022,OTT 17 - 24 DC,12,11,0.96,0.63,0.84,0.76,0.31,0.47,0.86,17,24,0.585
Cannons,7/29/2022,TB 10 - 30 ATX,43,10,0.76,0.67,0.26,0.18,0.17,0.25,0.55,10,30,0.25
Nitro,7/29/2022,POR 16 - 32 SLC,38,5,0.88,0.53,0.47,0.32,0.0,0.0,0.86,16,32,0.333
Outlaws,7/29/2022,OTT 17 - 24 DC,19,6,0.92,0.75,0.54,0.42,0.16,0.6,0.53,17,24,0.415
Radicals,7/29/2022,CHI 21 - 15 MAD,22,13,0.89,0.64,0.55,0.4,0.12,0.33,0.67,21,15,0.417
Shred,7/29/2022,POR 16 - 32 SLC,22,18,0.93,0.71,0.89,0.7,0.47,0.48,0.63,16,32,0.667
Sol,7/29/2022,TB 10 - 30 ATX,23,20,0.92,0.53,0.67,0.47,0.71,0.61,0.85,10,30,0.75
Spiders,7/29/2022,OAK 24 - 25 LA,16,5,0.95,0.6,0.7,0.59,0.19,0.63,0.78,24,25,0.49
Union,7/29/2022,CHI 21 - 15 MAD,18,9,0.95,0.0,0.82,0.67,0.32,0.39,0.9,21,15,0.583
AlleyCats,7/30/2022,IND 21 - 23 ATL,17,6,0.94,0.56,0.56,0.5,0.32,0.64,0.75,21,23,0.477
Cannons,7/30/2022,TB 16 - 24 DAL,29,6,0.88,1.0,0.44,0.31,0.28,0.5,0.6,16,24,0.4
Growlers,7/30/2022,OAK 18 - 24 SD,10,9,0.96,0.75,0.8,0.8,0.31,0.53,0.89,18,24,0.571
Hustle,7/30/2022,IND 21 - 23 ATL,14,12,0.95,0.73,0.59,0.52,0.4,0.71,0.76,21,23,0.523
Legion,7/30/2022,TB 16 - 24 DAL,21,12,0.89,0.63,0.72,0.57,0.46,0.5,0.79,16,24,0.6
Mechanix,7/30/2022,DET 18 - 33 CHI,24,3,0.91,0.64,0.49,0.44,0.05,0.33,0.77,18,33,0.353
Nitro,7/30/2022,POR 18 - 34 COL,24,4,0.92,0.56,0.49,0.44,0.05,0.25,0.67,18,34,0.346
Outlaws,7/30/2022,OTT 19 - 25 PHI,20,9,0.93,0.75,0.67,0.56,0.05,0.13,0.82,19,25,0.432
Phoenix,7/30/2022,OTT 19 - 25 PHI,15,8,0.94,0.69,0.86,0.64,0.26,0.58,0.93,19,25,0.568
Spiders,7/30/2022,OAK 18 - 24 SD,16,3,0.95,0.4,0.54,0.47,0.2,1.0,0.82,18,24,0.429
Summit,7/30/2022,POR 18 - 34 COL,8,13,0.97,1.0,0.85,0.74,0.49,0.81,0.88,18,34,0.654
Union,7/30/2022,DET 18 - 33 CHI,7,12,0.97,0.82,0.9,0.82,0.43,0.79,0.93,18,33,0.647
Mechanix,7/31/2022,DET 9 - 28 MIN,40,8,0.79,0.31,0.3,0.21,0.09,0.09,0.5,9,28,0.243
Wind Chill,7/31/2022,DET 9 - 28 MIN,23,17,0.93,0.44,0.91,0.48,0.64,0.6,0.75,9,28,0.757
AlleyCats,8/13/2022,IND 18 - 20 MIN,15,4,0.94,0.55,0.68,0.6,0.15,0.33,0.79,18,20,0.474
Breeze,8/13/2022,PHI 18 - 23 DC,8,9,0.97,0.5,0.9,0.75,0.2,0.63,0.9,18,23,0.561
Growlers,8/13/2022,SD 16 - 19 SLC,28,10,0.9,0.38,0.48,0.29,0.33,0.6,0.58,16,19,0.457
Phoenix,8/13/2022,PHI 18 - 23 DC,14,4,0.94,0.69,0.68,0.61,0.05,0.2,0.77,18,23,0.439
Shred,8/13/2022,SD 16 - 19 SLC,25,17,0.89,0.62,0.56,0.48,0.43,0.38,0.8,16,19,0.543
Wind Chill,8/13/2022,IND 18 - 20 MIN,11,4,0.96,0.67,0.68,0.62,0.32,0.7,0.81,18,20,0.526
Breeze,8/20/2022,DC 18 - 19 NY,13,9,0.95,0.75,0.75,0.68,0.16,0.33,0.92,18,19,0.486
Empire,8/20/2022,DC 18 - 19 NY,12,6,0.96,0.5,0.79,0.6,0.2,0.67,0.76,18,19,0.514
Flyers,8/20/2022,ATX 20 - 22 CAR,12,6,0.95,0.6,0.77,0.63,0.21,0.63,0.84,20,22,0.524
Shred,8/20/2022,SLC 21 - 26 COL,16,5,0.95,0.57,0.64,0.55,0.14,0.6,0.9,21,26,0.447
Sol,8/20/2022,ATX 20 - 22 CAR,14,10,0.95,0.71,0.71,0.65,0.14,0.38,0.79,20,22,0.476
Summit,8/20/2022,SLC 21 - 26 COL,11,6,0.96,0.71,0.77,0.71,0.32,0.64,0.89,21,26,0.553
Union,8/21/2022,MIN 16 - 21 CHI,18,15,0.94,0.36,0.76,0.68,0.36,0.38,0.86,16,21,0.568
Wind Chill,8/21/2022,MIN 16 - 21 CHI,23,8,0.91,0.47,0.59,0.39,0.18,0.6,0.67,16,21,0.432
Empire,8/26/2022,CAR 16 - 22 NY,11,8,0.96,0.5,0.83,0.68,0.3,0.58,0.85,16,22,0.579
Flyers,8/26/2022,CAR 16 - 22 NY,17,6,0.93,0.63,0.65,0.54,0.06,0.2,0.58,16,22,0.421
Summit,8/26/2022,CHI 19 - 14 COL,19,7,0.92,0.5,0.52,0.42,0.19,0.43,0.6,19,14,0.424
Union,8/26/2022,CHI 19 - 14 COL,14,7,0.96,0.71,0.69,0.55,0.38,0.57,0.83,19,14,0.576
Empire,8/27/2022,CHI 14 - 22 NY,8,9,0.97,0.75,0.88,0.74,0.35,0.67,0.83,14,22,0.611
Union,8/27/2022,CHI 14 - 22 NY,17,4,0.92,0.5,0.52,0.46,0.13,0.4,0.75,14,22,0.389
Cascades,4/28/2023,SEA 20 - 28 SLC,26,11,0.9,0.36,0.52,0.38,0.18,0.67,0.69,20,28,0.417
Shred,4/28/2023,SEA 20 - 28 SLC,18,13,0.94,0.69,0.77,0.71,0.38,0.48,0.79,20,28,0.583
AlleyCats,4/29/2023,IND 14 - 23 ATL,18,6,0.93,0.5,0.52,0.46,0.06,0.25,0.67,14,23,0.378
Breeze,4/29/2023,DC 21 - 16 CAR,15,14,0.95,0.43,0.76,0.57,0.36,0.57,0.94,21,16,0.568
Cascades,4/29/2023,SEA 23 - 24 OAK,23,10,0.91,0.14,0.74,0.54,0.12,0.3,0.85,23,24,0.489
Empire,4/29/2023,PHI 8 - 17 NY,20,13,0.94,0.71,0.6,0.4,0.61,0.5,0.74,8,17,0.68
Flyers,4/29/2023,DC 21 - 16 CAR,20,9,0.91,1.0,0.59,0.48,0.18,0.33,0.62,21,16,0.432
Havoc,4/29/2023,ATX 24 - 18 HTX,29,9,0.89,0.54,0.56,0.42,0.2,0.29,0.71,24,18,0.429
Hustle,4/29/2023,IND 14 - 23 ATL,7,15,0.98,0.83,0.88,0.74,0.36,0.69,0.94,14,23,0.622
Phoenix,4/29/2023,PHI 8 - 17 NY,28,9,0.87,0.44,0.28,0.17,0.3,0.38,0.8,8,17,0.32
Radicals,4/29/2023,MAD 17 - 18 PIT,15,8,0.94,0.45,0.72,0.59,0.21,0.4,0.75,17,18,0.486
Sol,4/29/2023,ATX 24 - 18 HTX,22,15,0.91,0.64,0.7,0.5,0.4,0.53,0.74,24,18,0.571
Spiders,4/29/2023,SEA 23 - 24 OAK,22,13,0.94,0.5,0.8,0.63,0.15,0.27,0.73,23,24,0.511
Thunderbirds,4/29/2023,MAD 17 - 18 PIT,15,8,0.94,0.71,0.74,0.56,0.22,0.5,1.0,17,18,0.514
Empire,5/5/2023,TOR 11 - 24 NY,15,16,0.94,0.57,0.92,0.67,0.48,0.57,0.88,11,24,0.686
Flyers,5/5/2023,CAR 19 - 24 ATL,18,1,0.92,0.75,0.68,0.57,0.1,0.29,0.69,19,24,0.442
Growlers,5/5/2023,COL 23 - 16 SD,25,7,0.91,0.5,0.52,0.38,0.17,0.5,0.71,23,16,0.41
Hustle,5/5/2023,CAR 19 - 24 ATL,12,9,0.95,0.77,0.81,0.65,0.24,0.55,0.88,19,24,0.558
Nitro,5/5/2023,SLC 22 - 20 POR,17,5,0.94,0.64,0.63,0.52,0.23,0.63,0.81,22,20,0.476
Rush,5/5/2023,TOR 11 - 24 NY,26,9,0.9,0.5,0.4,0.29,0.08,0.17,0.78,11,24,0.314
Shred,5/5/2023,SLC 22 - 20 POR,13,12,0.96,0.71,0.75,0.68,0.29,0.54,0.87,22,20,0.524
Summit,5/5/2023,COL 23 - 16 SD,16,14,0.94,0.64,0.67,0.6,0.44,0.52,0.85,23,16,0.59
AlleyCats,5/6/2023,MIN 23 - 21 IND,12,5,0.96,1.0,0.68,0.61,0.18,0.67,0.8,23,21,0.477
Aviators,5/6/2023,COL 18 - 15 LA,29,7,0.89,0.4,0.45,0.33,0.35,0.35,0.71,18,15,0.455
Cascades,5/6/2023,SLC 25 - 19 SEA,20,7,0.94,1.0,0.52,0.47,0.28,0.63,0.78,25,19,0.432
Glory,5/6/2023,TOR 14 - 25 BOS,19,17,0.92,0.58,0.87,0.54,0.42,0.55,0.89,14,25,0.641
Legion,5/6/2023,DAL 17 - 31 ATX,31,8,0.89,0.5,0.33,0.3,0.32,0.55,0.73,17,31,0.354
Rush,5/6/2023,TOR 14 - 25 BOS,30,10,0.9,0.56,0.5,0.38,0.07,0.09,0.71,14,25,0.359
Shred,5/6/2023,SLC 25 - 19 SEA,12,10,0.96,0.63,0.67,0.57,0.48,0.76,1.0,25,19,0.568
Sol,5/6/2023,DAL 17 - 31 ATX,16,14,0.93,0.79,0.63,0.5,0.58,0.79,0.9,17,31,0.646
Summit,5/6/2023,COL 18 - 15 LA,26,17,0.89,0.4,0.53,0.32,0.45,0.53,0.82,18,15,0.545
Wind Chill,5/6/2023,MIN 23 - 21 IND,10,10,0.96,0.77,0.73,0.67,0.28,0.7,0.76,23,21,0.523
Breeze,5/7/2023,PHI 19 - 20 DC,18,12,0.94,0.36,0.45,0.38,0.5,0.73,1.0,19,20,0.513
Phoenix,5/7/2023,PHI 19 - 20 DC,19,12,0.93,0.57,0.41,0.36,0.45,0.69,0.79,19,20,0.487
Aviators,5/12/2023,POR 13 - 20 LA,15,7,0.95,0.75,0.8,0.63,0.36,0.44,0.77,13,20,0.606
Hustle,5/12/2023,ATX 17 - 21 ATL,12,7,0.95,0.71,0.68,0.59,0.35,0.62,0.79,17,21,0.553
Nitro,5/12/2023,POR 13 - 20 LA,22,9,0.92,0.38,0.45,0.33,0.2,0.43,0.59,13,20,0.394
Sol,5/12/2023,ATX 17 - 21 ATL,17,8,0.93,0.89,0.52,0.44,0.26,0.63,0.76,17,21,0.447
AlleyCats,5/13/2023,IND 19 - 16 CHI,20,11,0.93,0.57,0.61,0.46,0.33,0.47,0.82,19,16,0.543
Breeze,5/13/2023,NY 18 - 17 DC,14,4,0.96,0.5,0.65,0.59,0.21,0.44,0.8,18,17,0.486
Cascades,5/13/2023,SEA 14 - 26 COL,20,1,0.91,0.62,0.5,0.45,0.0,0.0,0.73,14,26,0.35
Empire,5/13/2023,NY 18 - 17 DC,11,8,0.96,0.63,0.68,0.57,0.25,0.63,0.78,18,17,0.514
Flyers,5/13/2023,ATX 19 - 26 CAR,13,8,0.96,0.64,0.81,0.65,0.33,0.69,0.95,19,26,0.578
Glory,5/13/2023,PHI 16 - 19 BOS,26,17,0.89,0.56,0.5,0.36,0.48,0.5,0.85,16,19,0.543
Growlers,5/13/2023,POR 19 - 22 SD,17,14,0.94,0.8,0.71,0.56,0.29,0.54,0.93,19,22,0.537
Havoc,5/13/2023,HTX 28 - 17 DAL,23,18,0.92,0.8,0.89,0.68,0.37,0.42,0.89,28,17,0.622
Legion,5/13/2023,HTX 28 - 17 DAL,33,10,0.86,0.55,0.53,0.36,0.05,0.14,0.58,28,17,0.378
Mechanix,5/13/2023,PIT 29 - 13 DET,32,5,0.86,0.71,0.35,0.29,0.07,0.17,0.63,29,13,0.31
Nitro,5/13/2023,POR 19 - 22 SD,21,10,0.92,0.5,0.63,0.52,0.19,0.36,0.68,19,22,0.463
Phoenix,5/13/2023,PHI 16 - 19 BOS,29,10,0.9,0.42,0.38,0.26,0.44,0.53,0.67,16,19,0.457
Royal,5/13/2023,MTL 20 - 25 TOR,21,9,0.94,0.62,0.65,0.59,0.14,0.25,0.83,20,25,0.444
Rush,5/13/2023,MTL 20 - 25 TOR,16,12,0.92,0.54,0.73,0.53,0.31,0.67,0.8,20,25,0.556
Shred,5/13/2023,SLC 27 - 25 OAK,22,14,0.94,0.64,0.78,0.64,0.21,0.33,0.77,27,25,0.519
Sol,5/13/2023,ATX 19 - 26 CAR,19,4,0.91,0.47,0.59,0.52,0.14,0.38,0.87,19,26,0.422
Spiders,5/13/2023,SLC 27 - 25 OAK,23,9,0.92,0.59,0.72,0.54,0.15,0.4,0.83,27,25,0.481
Summit,5/13/2023,SEA 14 - 26 COL,10,10,0.97,0.7,0.93,0.67,0.43,0.75,1.0,14,26,0.65
Thunderbirds,5/13/2023,PIT 29 - 13 DET,13,17,0.96,0.75,0.87,0.68,0.55,0.67,0.8,29,13,0.69
Union,5/13/2023,IND 19 - 16 CHI,23,9,0.92,0.3,0.52,0.39,0.28,0.45,0.87,19,16,0.457
Aviators,5/19/2023,LA 13 - 25 SLC,24,3,0.92,0.67,0.44,0.35,0.07,0.25,0.61,13,25,0.342
Growlers,5/19/2023,SD 23 - 17 HTX,14,11,0.94,0.86,0.58,0.46,0.48,0.75,0.78,23,17,0.575
Havoc,5/19/2023,SD 23 - 17 HTX,21,10,0.93,0.25,0.48,0.43,0.26,0.5,0.73,23,17,0.425
Nitro,5/19/2023,OAK 24 - 23 POR,19,9,0.93,0.65,0.69,0.58,0.21,0.45,0.75,24,23,0.489
Shred,5/19/2023,LA 13 - 25 SLC,11,11,0.95,0.79,0.87,0.72,0.44,0.6,0.94,13,25,0.658
Spiders,5/19/2023,OAK 24 - 23 POR,16,12,0.94,0.8,0.75,0.6,0.23,0.55,0.91,24,23,0.511
AlleyCats,5/20/2023,MAD 21 - 22 IND,12,12,0.96,0.83,0.68,0.63,0.29,0.7,0.75,21,22,0.512
Aviators,5/20/2023,LA 14 - 18 COL,19,9,0.93,0.31,0.58,0.48,0.19,0.25,1.0,14,18,0.438
Breeze,5/20/2023,DC 20 - 13 TOR,20,17,0.93,0.7,0.73,0.69,0.41,0.36,0.77,20,13,0.606
Cascades,5/20/2023,OAK 24 - 20 SEA,18,6,0.93,0.71,0.58,0.5,0.23,0.56,0.92,24,20,0.455
Empire,5/20/2023,NY 18 - 16 PHI,17,12,0.95,0.3,0.74,0.54,0.21,0.44,0.74,18,16,0.529
Glory,5/20/2023,BOS 17 - 15 MTL,23,10,0.9,0.43,0.65,0.48,0.32,0.33,0.8,17,15,0.531
Growlers,5/20/2023,SD 17 - 21 ATX,18,4,0.93,0.63,0.59,0.46,0.21,0.57,0.75,17,21,0.447
Phoenix,5/20/2023,NY 18 - 16 PHI,17,11,0.94,0.8,0.74,0.58,0.11,0.22,0.8,18,16,0.471
Radicals,5/20/2023,MAD 21 - 22 IND,15,8,0.95,0.43,0.63,0.56,0.23,0.63,0.88,21,22,0.488
Royal,5/20/2023,BOS 17 - 15 MTL,23,11,0.92,0.73,0.53,0.36,0.28,0.45,0.5,17,15,0.469
Rush,5/20/2023,DC 20 - 13 TOR,27,7,0.9,0.33,0.5,0.29,0.13,0.5,0.89,20,13,0.394
Sol,5/20/2023,SD 17 - 21 ATX,15,9,0.94,0.67,0.63,0.55,0.41,0.6,0.77,17,21,0.553
Spiders,5/20/2023,OAK 24 - 20 SEA,14,14,0.95,0.78,0.68,0.6,0.35,0.64,0.77,24,20,0.545
Summit,5/20/2023,LA 14 - 18 COL,17,11,0.94,0.33,0.69,0.48,0.32,0.55,0.86,14,18,0.563
Thunderbirds,5/20/2023,PIT 12 - 26 MIN,29,11,0.88,0.5,0.39,0.3,0.07,0.17,0.64,12,26,0.316
Wind Chill,5/20/2023,PIT 12 - 26 MIN,16,12,0.93,0.64,0.93,0.68,0.39,0.52,0.8,12,26,0.684
Flyers,5/21/2023,ATL 15 - 21 CAR,12,11,0.96,0.57,0.82,0.61,0.3,0.7,0.85,15,21,0.583
Hustle,5/21/2023,ATL 15 - 21 CAR,17,5,0.91,0.67,0.57,0.52,0.12,0.22,0.75,15,21,0.417
Flyers,5/26/2023,HTX 11 - 24 CAR,21,13,0.91,0.67,1.0,0.62,0.42,0.46,0.65,11,24,0.686
Havoc,5/26/2023,HTX 11 - 24 CAR,35,11,0.88,0.63,0.42,0.29,0.0,0.0,0.67,11,24,0.314
Havoc,5/27/2023,HTX 11 - 20 ATL,30,10,0.9,0.2,0.43,0.26,0.17,0.33,0.62,11,20,0.355
Hustle,5/27/2023,HTX 11 - 20 ATL,20,13,0.92,0.56,0.75,0.56,0.52,0.44,0.88,11,20,0.645
Mechanix,5/27/2023,MIN 25 - 17 DET,23,7,0.91,1.0,0.59,0.47,0.05,0.17,0.74,25,17,0.405
Phoenix,5/27/2023,PHI 20 - 19 PIT,17,9,0.95,0.58,0.57,0.46,0.38,0.62,0.87,20,19,0.513
Radicals,5/27/2023,CHI 20 - 18 MAD,19,9,0.94,0.67,0.48,0.42,0.35,0.58,0.88,20,18,0.474
Royal,5/27/2023,TOR 15 - 12 MTL,33,9,0.82,0.47,0.53,0.26,0.21,0.25,0.67,15,12,0.444
Rush,5/27/2023,TOR 15 - 12 MTL,30,15,0.87,0.38,0.64,0.39,0.35,0.25,0.5,15,12,0.556
Thunderbirds,5/27/2023,PHI 20 - 19 PIT,18,8,0.92,0.72,0.57,0.46,0.33,0.58,0.88,20,19,0.487
Union,5/27/2023,CHI 20 - 18 MAD,16,9,0.95,0.8,0.5,0.42,0.43,0.69,0.74,20,18,0.526
Wind Chill,5/27/2023,MIN 25 - 17 DET,16,15,0.93,0.6,0.84,0.67,0.33,0.5,0.81,25,17,0.595
Legion,5/28/2023,ATX 25 - 14 DAL,34,13,0.87,0.35,0.41,0.28,0.19,0.33,0.64,25,14,0.359
Sol,5/28/2023,ATX 25 - 14 DAL,24,12,0.92,0.4,0.63,0.45,0.52,0.54,0.74,25,14,0.641
Union,5/28/2023,MIN 12 - 16 CHI,15,6,0.95,0.0,0.5,0.37,0.44,0.62,1.0,12,16,0.571
Wind Chill,5/28/2023,MIN 12 - 16 CHI,19,6,0.93,0.5,0.39,0.33,0.38,0.45,0.75,12,16,0.429
Breeze,6/2/2023,CAR 20 - 19 DC,15,8,0.95,0.75,0.68,0.58,0.19,0.44,0.76,20,19,0.487
Cascades,6/2/2023,SEA 27 - 18 POR,12,13,0.96,0.69,0.8,0.67,0.38,0.73,0.89,27,18,0.6
Empire,6/2/2023,NY 8 - 5 BOS,16,11,0.88,0.33,0.5,0.21,0.56,0.45,0.78,8,5,0.615
Flyers,6/2/2023,CAR 20 - 19 DC,14,9,0.95,0.56,0.76,0.62,0.18,0.44,0.8,20,19,0.513
Glory,6/2/2023,NY 8 - 5 BOS,19,5,0.85,0.0,0.44,0.27,0.17,0.11,0.36,8,5,0.385
Havoc,6/2/2023,HTX 19 - 23 ATX,27,4,0.89,0.38,0.56,0.41,0.24,0.42,0.87,19,23,0.452
Nitro,6/2/2023,SEA 27 - 18 POR,21,4,0.92,0.27,0.55,0.5,0.1,0.29,0.92,27,18,0.4
Sol,6/2/2023,HTX 19 - 23 ATX,22,13,0.92,0.67,0.71,0.54,0.32,0.44,0.83,19,23,0.548
AlleyCats,6/3/2023,IND 21 - 15 DET,16,9,0.93,0.71,0.65,0.46,0.43,0.67,0.74,21,15,0.583
Aviators,6/3/2023,LA 22 - 21 SD,19,16,0.93,0.75,0.7,0.55,0.26,0.46,0.79,22,21,0.512
Empire,6/3/2023,NY 16 - 10 MTL,23,20,0.9,0.25,0.75,0.56,0.39,0.29,0.82,16,10,0.615
Flyers,6/3/2023,CAR 17 - 20 PHI,18,7,0.93,0.36,0.55,0.44,0.26,0.63,0.87,17,20,0.459
Growlers,6/3/2023,LA 22 - 21 SD,20,10,0.93,0.73,0.65,0.52,0.26,0.5,0.8,22,21,0.488
Havoc,6/3/2023,DAL 19 - 21 HTX,20,7,0.94,0.5,0.67,0.48,0.33,0.58,0.7,19,21,0.525
Legion,6/3/2023,DAL 19 - 21 HTX,20,12,0.92,0.53,0.62,0.52,0.29,0.43,0.81,19,21,0.475
Mechanix,6/3/2023,IND 21 - 15 DET,24,7,0.92,0.71,0.52,0.41,0.18,0.3,0.87,21,15,0.417
Phoenix,6/3/2023,CAR 17 - 20 PHI,15,11,0.95,0.67,0.58,0.5,0.41,0.64,0.92,17,20,0.541
Royal,6/3/2023,NY 16 - 10 MTL,29,9,0.9,0.5,0.5,0.26,0.08,0.14,0.47,16,10,0.385
Shred,6/3/2023,OAK 17 - 21 SLC,21,10,0.92,0.6,0.84,0.57,0.22,0.36,0.71,17,21,0.553
Spiders,6/3/2023,OAK 17 - 21 SLC,24,8,0.89,0.44,0.65,0.47,0.11,0.17,0.73,17,21,0.447
Union,6/3/2023,CHI 18 - 20 MIN,18,7,0.92,0.62,0.55,0.46,0.3,0.6,0.75,18,20,0.474
Wind Chill,6/3/2023,CHI 18 - 20 MIN,14,10,0.96,0.67,0.6,0.52,0.36,0.67,0.82,18,20,0.526
Radicals,6/4/2023,PIT 17 - 22 MAD,18,8,0.92,0.57,0.68,0.54,0.38,0.53,0.75,17,22,0.564
Spiders,6/4/2023,OAK 22 - 27 COL,16,3,0.93,0.64,0.64,0.56,0.17,0.67,0.92,22,27,0.449
Summit,6/4/2023,OAK 22 - 27 COL,10,8,0.96,0.73,0.83,0.76,0.29,0.62,1.0,22,27,0.551
Thunderbirds,6/4/2023,PIT 17 - 22 MAD,22,6,0.93,0.56,0.46,0.35,0.32,0.55,0.68,17,22,0.436
Aviators,6/9/2023,LA 29 - 11 POR,10,14,0.97,0.75,0.77,0.71,0.61,0.7,0.88,29,11,0.725
Flyers,6/9/2023,CAR 27 - 19 DAL,13,11,0.96,0.63,0.76,0.7,0.39,0.61,0.96,27,19,0.587
Glory,6/9/2023,ATL 21 - 15 BOS,21,8,0.92,0.58,0.59,0.42,0.12,0.4,0.81,21,15,0.417
Hustle,6/9/2023,ATL 21 - 15 BOS,14,15,0.95,0.64,0.76,0.65,0.36,0.47,0.9,21,15,0.583
Legion,6/9/2023,CAR 27 - 19 DAL,21,8,0.9,0.62,0.57,0.46,0.14,0.6,0.89,27,19,0.413
Nitro,6/9/2023,LA 29 - 11 POR,29,10,0.88,0.27,0.32,0.26,0.08,0.5,0.67,29,11,0.275
Shred,6/9/2023,SLC 19 - 18 COL,13,8,0.95,0.58,0.5,0.4,0.43,1.0,1.0,19,18,0.514
Summit,6/9/2023,SLC 19 - 18 COL,16,5,0.94,0.69,0.57,0.57,0.3,0.46,0.77,19,18,0.486
AlleyCats,6/10/2023,CHI 17 - 26 IND,10,10,0.97,0.6,0.83,0.68,0.41,0.73,0.86,17,26,0.605
Aviators,6/10/2023,LA 25 - 23 SEA,12,10,0.96,0.5,0.72,0.72,0.23,0.43,1.0,25,23,0.521
Cascades,6/10/2023,LA 25 - 23 SEA,15,5,0.94,0.67,0.62,0.52,0.28,1.0,0.82,25,23,0.479
Empire,6/10/2023,ATL 17 - 20 NY,11,10,0.95,0.75,0.74,0.67,0.27,0.55,0.79,17,20,0.541
Flyers,6/10/2023,CAR 22 - 20 ATX,20,11,0.92,0.91,0.71,0.56,0.25,0.4,0.76,22,20,0.524
Growlers,6/10/2023,SD 17 - 21 OAK,25,10,0.89,0.33,0.57,0.35,0.21,0.67,0.56,17,21,0.447
Hustle,6/10/2023,ATL 17 - 20 NY,13,8,0.95,0.45,0.64,0.54,0.16,0.6,0.79,17,20,0.459
Phoenix,6/10/2023,PHI 27 - 23 TOR,14,10,0.94,0.71,0.76,0.63,0.25,0.64,0.93,27,23,0.54
Radicals,6/10/2023,MAD 17 - 18 MIN,25,11,0.9,0.55,0.65,0.46,0.21,0.29,0.63,17,18,0.486
Rush,6/10/2023,PHI 27 - 23 TOR,17,7,0.94,1.0,0.64,0.6,0.2,0.5,0.73,27,23,0.46
Sol,6/10/2023,CAR 22 - 20 ATX,22,7,0.92,0.67,0.63,0.48,0.24,0.45,0.84,22,20,0.476
Spiders,6/10/2023,SD 17 - 21 OAK,23,10,0.89,0.56,0.68,0.62,0.35,0.33,0.86,17,21,0.553
Union,6/10/2023,CHI 17 - 26 IND,19,5,0.93,0.64,0.52,0.47,0.17,0.43,0.86,17,26,0.395
Wind Chill,6/10/2023,MAD 17 - 18 MIN,23,10,0.93,0.6,0.74,0.5,0.15,0.25,0.67,17,18,0.514
Glory,6/11/2023,BOS 22 - 12 MTL,12,8,0.94,0.64,0.71,0.63,0.5,0.57,0.79,22,12,0.647
Mechanix,6/11/2023,DET 18 - 28 PIT,25,9,0.92,0.69,0.53,0.47,0.1,0.22,0.63,18,28,0.391
Royal,6/11/2023,BOS 22 - 12 MTL,22,5,0.92,0.67,0.38,0.29,0.21,0.75,0.53,22,12,0.353
Thunderbirds,6/11/2023,DET 18 - 28 PIT,15,8,0.94,0.74,0.8,0.59,0.4,0.71,0.9,18,28,0.609
Breeze,6/16/2023,MTL 14 - 23 DC,15,10,0.94,0.64,0.67,0.63,0.52,0.59,0.91,14,23,0.622
Empire,6/16/2023,BOS 16 - 25 NY,10,10,0.96,0.8,0.89,0.8,0.33,0.6,0.88,16,25,0.61
Glory,6/16/2023,BOS 16 - 25 NY,17,8,0.93,0.69,0.56,0.47,0.06,0.33,0.73,16,25,0.39
Royal,6/16/2023,MTL 14 - 23 DC,23,5,0.92,0.38,0.4,0.29,0.27,0.8,0.71,14,23,0.378
Shred,6/16/2023,COL 19 - 20 SLC,8,6,0.97,0.75,0.76,0.73,0.18,0.5,0.86,19,20,0.513
Summit,6/16/2023,COL 19 - 20 SLC,11,3,0.97,0.67,0.73,0.62,0.14,0.75,0.73,19,20,0.487
AlleyCats,6/17/2023,DET 19 - 20 IND,10,6,0.96,0.71,0.75,0.68,0.23,0.56,0.8,19,20,0.513
Cascades,6/17/2023,SEA 20 - 19 SD,21,14,0.92,0.53,0.77,0.5,0.14,0.43,0.67,20,19,0.513
Growlers,6/17/2023,SEA 20 - 19 SD,19,9,0.94,0.6,0.71,0.68,0.18,0.25,0.78,20,19,0.487
Havoc,6/17/2023,ATX 18 - 15 HTX,36,13,0.86,0.54,0.35,0.23,0.47,0.38,0.63,18,15,0.455
Hustle,6/17/2023,DAL 14 - 29 ATL,11,16,0.96,0.78,0.88,0.74,0.5,0.68,0.86,14,29,0.674
Legion,6/17/2023,DAL 14 - 29 ATL,26,6,0.9,0.58,0.43,0.35,0.06,0.25,0.57,14,29,0.326
Mechanix,6/17/2023,DET 19 - 20 IND,12,4,0.96,1.0,0.73,0.62,0.15,0.5,0.78,19,20,0.487
Nitro,6/17/2023,POR 15 - 21 CHI,27,11,0.89,0.4,0.57,0.41,0.12,0.18,0.56,15,21,0.417
Phoenix,6/17/2023,MTL 13 - 22 PHI,15,12,0.94,0.73,0.73,0.61,0.5,0.55,0.68,13,22,0.629
Radicals,6/17/2023,MIN 24 - 19 MAD,21,9,0.92,0.5,0.5,0.46,0.24,0.5,0.87,24,19,0.442
Royal,6/17/2023,MTL 13 - 22 PHI,24,7,0.91,0.5,0.45,0.31,0.2,0.5,0.71,13,22,0.371
Rush,6/17/2023,PIT 17 - 18 TOR,20,9,0.92,0.89,0.79,0.6,0.15,0.23,0.87,17,18,0.514
Sol,6/17/2023,ATX 18 - 15 HTX,33,17,0.88,0.58,0.53,0.3,0.45,0.41,0.6,18,15,0.545
Spiders,6/17/2023,COL 23 - 24 OAK,17,10,0.93,0.8,0.64,0.53,0.31,0.67,0.81,23,24,0.511
Summit,6/17/2023,COL 23 - 24 OAK,17,9,0.95,0.88,0.58,0.52,0.32,0.62,0.86,23,24,0.489
Thunderbirds,6/17/2023,PIT 17 - 18 TOR,21,10,0.92,0.63,0.7,0.47,0.16,0.3,0.59,17,18,0.486
Union,6/17/2023,POR 15 - 21 CHI,20,10,0.94,0.62,0.76,0.52,0.35,0.47,0.75,15,21,0.583
Wind Chill,6/17/2023,MIN 24 - 19 MAD,14,14,0.95,0.62,0.57,0.48,0.46,0.8,0.87,24,19,0.558
Aviators,6/18/2023,SEA 14 - 23 LA,16,9,0.94,0.55,0.87,0.68,0.36,0.47,0.88,14,23,0.622
Cascades,6/18/2023,SEA 14 - 23 LA,24,9,0.9,0.57,0.52,0.38,0.07,0.2,0.69,14,23,0.378
AlleyCats,6/23/2023,IND 23 - 22 MAD,12,6,0.96,0.78,0.63,0.63,0.33,0.73,0.89,23,22,0.511
Breeze,6/23/2023,DC 25 - 18 MTL,8,7,0.97,0.67,0.75,0.71,0.37,0.83,0.95,25,18,0.581
Havoc,6/23/2023,ATL 23 - 14 HTX,28,10,0.89,0.63,0.44,0.31,0.13,0.29,0.67,23,14,0.378
Hustle,6/23/2023,ATL 23 - 14 HTX,19,15,0.92,0.78,0.75,0.57,0.44,0.5,0.76,23,14,0.622
Mechanix,6/23/2023,DET 20 - 25 CHI,22,9,0.92,0.6,0.56,0.47,0.24,0.45,0.92,20,25,0.444
Radicals,6/23/2023,IND 23 - 22 MAD,14,8,0.96,0.5,0.63,0.56,0.29,0.78,0.94,23,22,0.489
Royal,6/23/2023,DC 25 - 18 MTL,14,4,0.95,0.83,0.52,0.48,0.2,0.67,0.88,25,18,0.419
Union,6/23/2023,DET 20 - 25 CHI,18,13,0.93,0.64,0.71,0.54,0.37,0.63,0.82,20,25,0.556
Aviators,6/24/2023,SD 18 - 22 LA,17,12,0.94,0.64,0.75,0.63,0.29,0.5,1.0,18,22,0.55
Breeze,6/24/2023,DC 20 - 16 BOS,21,11,0.94,0.33,0.78,0.56,0.27,0.35,0.78,20,16,0.556
Glory,6/24/2023,DC 20 - 16 BOS,25,9,0.91,0.69,0.59,0.41,0.17,0.3,0.53,20,16,0.444
Growlers,6/24/2023,SD 18 - 22 LA,22,10,0.9,0.56,0.54,0.43,0.2,0.4,0.87,18,22,0.45
Hustle,6/24/2023,ATL 23 - 12 DAL,18,16,0.93,0.67,0.86,0.6,0.4,0.45,0.78,23,12,0.657
Legion,6/24/2023,ATL 23 - 12 DAL,31,5,0.88,0.5,0.48,0.32,0.0,0.0,0.6,23,12,0.343
Mechanix,6/24/2023,CHI 18 - 12 DET,29,8,0.9,0.56,0.5,0.36,0.14,0.15,0.56,18,12,0.4
Summit,6/24/2023,MIN 15 - 25 COL,14,13,0.95,0.67,0.82,0.7,0.41,0.55,0.91,15,25,0.625
Union,6/24/2023,CHI 18 - 12 DET,21,16,0.92,0.67,0.79,0.46,0.3,0.43,0.76,18,12,0.6
Wind Chill,6/24/2023,MIN 15 - 25 COL,25,5,0.91,0.42,0.48,0.36,0.12,0.4,0.64,15,25,0.375
Royal,6/25/2023,MTL 19 - 26 TOR,21,10,0.93,0.5,0.56,0.45,0.19,0.57,0.92,19,26,0.422
Rush,6/25/2023,MTL 19 - 26 TOR,14,7,0.94,0.73,0.76,0.67,0.37,0.59,0.72,19,26,0.578
Aviators,6/30/2023,SLC 20 - 18 LA,19,7,0.93,0.8,0.59,0.43,0.26,0.83,0.83,20,18,0.474
Aviators,6/30/2023,SLC 20 - 18 LA,18,8,0.94,0.5,0.59,0.43,0.26,0.83,0.89,20,18,0.474
Breeze,6/30/2023,DC 18 - 21 NY,16,5,0.95,0.42,0.59,0.52,0.25,0.56,1.0,18,21,0.462
Empire,6/30/2023,DC 18 - 21 NY,13,11,0.95,0.5,0.7,0.58,0.32,0.7,1.0,18,21,0.538
Mechanix,6/30/2023,DET 15 - 25 PIT,25,7,0.92,0.36,0.44,0.38,0.18,0.43,0.56,15,25,0.375
Mechanix,6/30/2023,DET 15 - 25 PIT,25,7,0.92,0.36,0.44,0.38,0.18,0.43,0.56,15,25,0.375
Nitro,6/30/2023,COL 24 - 16 POR,25,10,0.92,0.5,0.5,0.38,0.18,0.43,0.6,24,16,0.4
Shred,6/30/2023,SLC 20 - 18 LA,15,10,0.95,0.78,0.63,0.63,0.36,0.47,0.83,20,18,0.526
Shred,6/30/2023,SLC 20 - 18 LA,15,10,0.95,0.78,0.63,0.63,0.36,0.47,0.83,20,18,0.526
Summit,6/30/2023,COL 24 - 16 POR,16,18,0.95,0.78,0.82,0.67,0.35,0.5,0.76,24,16,0.6
Thunderbirds,6/30/2023,DET 15 - 25 PIT,13,14,0.94,0.74,0.82,0.67,0.41,0.61,0.74,15,25,0.625
AlleyCats,7/1/2023,MAD 17 - 23 IND,8,10,0.97,0.83,0.89,0.8,0.29,0.58,0.85,17,23,0.575
Cascades,7/1/2023,COL 18 - 9 SEA,31,11,0.9,0.23,0.3,0.19,0.27,0.38,0.43,18,9,0.333
Glory,7/1/2023,BOS 24 - 21 TOR,9,8,0.96,0.69,0.73,0.7,0.31,0.73,0.8,24,21,0.533
Growlers,7/1/2023,SLC 26 - 16 SD,21,8,0.92,0.62,0.56,0.48,0.06,0.17,0.67,26,16,0.381
Legion,7/1/2023,DAL 16 - 25 ATX,33,8,0.88,0.6,0.44,0.32,0.22,0.33,0.79,16,25,0.39
Radicals,7/1/2023,MAD 17 - 23 IND,14,4,0.96,0.86,0.63,0.56,0.11,0.5,0.77,17,23,0.425
Rush,7/1/2023,BOS 24 - 21 TOR,12,7,0.96,0.8,0.65,0.59,0.18,0.67,0.75,24,21,0.467
Shred,7/1/2023,SLC 26 - 16 SD,10,13,0.97,0.83,0.88,0.68,0.41,0.69,0.9,26,16,0.619
Sol,7/1/2023,DAL 16 - 25 ATX,23,20,0.91,0.55,0.61,0.44,0.48,0.57,0.75,16,25,0.61
Summit,7/1/2023,COL 18 - 9 SEA,20,14,0.93,0.53,0.73,0.5,0.5,0.42,0.67,18,9,0.667
Phoenix,7/2/2023,PHI 18 - 10 MTL,18,11,0.94,0.43,0.62,0.5,0.5,0.48,0.76,18,10,0.643
Royal,7/2/2023,PHI 18 - 10 MTL,24,12,0.89,0.75,0.4,0.27,0.17,0.5,0.5,18,10,0.357
Havoc,7/7/2023,HTX 20 - 25 ATX,23,6,0.89,0.56,0.56,0.47,0.23,0.42,0.83,20,25,0.444
Sol,7/7/2023,HTX 20 - 25 ATX,19,9,0.92,0.75,0.77,0.59,0.31,0.5,0.78,20,25,0.444
Union,7/7/2023,CHI 18 - 21 PIT,24,13,0.92,0.4,0.65,0.44,0.15,0.33,0.65,18,21,0.462
Thunderbirds,7/7/2023,CHI 18 - 21 PIT,21,16,0.92,0.53,0.75,0.6,0.22,0.31,1.0,18,21,0.462
Glory,7/7/2023,BOS 21 - 20 PHI,9,6,0.96,0.86,0.71,0.63,0.26,0.86,0.87,21,20,0.512
Phoenix,7/7/2023,BOS 21 - 20 PHI,12,6,0.96,0.68,0.7,0.67,0.19,0.5,0.82,21,20,0.512
Growlers,7/14/2023,SD 15 - 18 POR,19,3,0.92,0.75,0.55,0.5,0.25,0.33,0.67,15,18,0.455
Nitro,7/14/2023,SD 15 - 18 POR,16,11,0.94,0.88,0.69,0.46,0.35,0.64,0.79,15,18,0.455
Empire,7/14/2023,NY 19 - 15 COL,13,9,0.96,0.58,0.65,0.61,0.33,0.5,0.85,19,15,0.559
Summit,7/14/2023,NY 19 - 15 COL,17,6,0.93,0.5,0.48,0.38,0.29,0.83,0.77,19,15,0.559
AlleyCats,7/9/2023,IND 17 - 22 MIN,28,8,0.91,0.33,0.54,0.43,0.21,0.27,0.75,17,22,0.436
Wind Chill,7/9/2023,IND 17 - 22 MIN,22,11,0.92,0.78,0.74,0.47,0.33,0.53,0.88,17,22,0.436
Nitro,7/8/2023,POR 10 - 25 OAK,45,16,0.84,0.46,0.31,0.18,0.08,0.1,0.5,10,25,0.286
Spiders,7/8/2023,POR 10 - 25 OAK,30,14,0.87,0.42,0.67,0.42,0.54,0.42,0.75,10,25,0.286
Thunderbirds,7/8/2023,PIT 14 - 20 CHI,19,6,0.92,0.31,0.48,0.38,0.25,0.5,0.67,14,20,0.412
Union,7/8/2023,PIT 14 - 20 CHI,14,10,0.95,0.63,0.69,0.55,0.38,0.57,0.78,14,20,0.412
Radicals,7/8/2023,MAD 23 - 14 DET,13,15,0.93,1.0,0.75,0.75,0.4,0.5,0.89,23,14,0.622
Mechanix,7/8/2023,MAD 23 - 14 DET,22,7,0.95,1.0,0.48,0.35,0.13,0.67,0.77,23,14,0.622
Glory,7/8/2023,BOS 15 - 22 DC,16,6,0.94,0.44,0.54,0.48,0.12,0.33,0.89,15,22,0.405
Breeze,7/8/2023,BOS 15 - 22 DC,9,10,0.97,0.67,0.76,0.68,0.38,0.69,0.76,15,22,0.405
Sol,7/8/2023,ATX 24 - 21 DAL,16,7,0.95,0.82,0.61,0.52,0.4,0.67,0.76,24,21,0.533
Legion,7/8/2023,ATX 24 - 21 DAL,18,12,0.93,0.65,0.58,0.5,0.3,0.64,0.69,24,21,0.533
Nitro,7/7/2023,POR 14 - 30 SLC,28,7,0.87,0.47,0.41,0.32,0.06,1.0,0.53,14,30,0.318
Shred,7/7/2023,POR 14 - 30 SLC,10,14,0.97,1.0,0.94,0.94,0.44,0.56,0.88,14,30,0.318
Wind Chill,7/7/2023,MIN 15 - 13 MAD,21,12,0.93,0.38,0.47,0.37,0.5,0.44,0.76,15,13,0.536
Radicals,7/7/2023,MIN 15 - 13 MAD,22,10,0.92,0.56,0.44,0.28,0.4,0.6,0.53,15,13,0.536
